,Quarterly Data:,,,,,,,,,,,,,,,,,,,,,,,,,,,,,,,,,,,,,,,,,,,,,,,,,,,,,,,,,,,,,,,,,,,,,,,,,,,,,,,,,,,,,,,,,,,,,,,,,,,,,,,,,,,,,,,,,,,,,,,
Fiscal Period,198809,198812,198903,198906,198909,198912,199003,199006,199009,199012,199103,199106,199109,199112,199203,199206,199209,199212,199303,199306,199309,199312,199403,199406,199409,199412,199503,199506,199509,199512,199603,199606,199609,199612,199703,199706,199709,199712,199803,199806,199809,199812,199903,199906,199909,199912,200003,200006,200009,200012,200103,200106,200109,200112,200203,200206,200209,200212,200303,200306,200309,200312,200403,200406,200409,200412,200503,200506,200509,200512,200603,200606,200609,200612,200703,200706,200709,200712,200803,200806,200809,200812,200903,200906,200909,200912,201003,201006,201009,201012,201103,201106,201109,201112,201203,201206,201209,201212,201303,201306,201309,201312,201403,201406,201409,201412,201503,201506,201509,201512,201603,201606,201609,201612,201703,201706,201709,201712,201803,201806
Revenue per Share,-,-,-,-,-,-,-,-,-,-,-,-,-,-,-,-,-,-,-,-,-,-,-,-,-,-,-,-,-,-,-,-,-,-,-,-,-,-,-,-,-,-,-,-,-,-,-,-,-,-,-,-,-,-,-,-,-,-,-,-,-,-,-,-,-,-,-,-,-,-,-,-,-,-,-,-,-,-,-,-,-,0,36.712,37.72,43.836,20.357,19.821,63.552,22.707,24.586,19.92,23.805,21.831,22.776,22.316,22.51,22.595,23.467,24.475,23.301,23.19,23.984,22.122,23.489,23.214,23.61,21.181,23,24.007,14.414,23.585,23.645,24.707,25.806,24.325,24.348,22.842,26.064,25.244,25.688
EBITDA per Share,-,-,-,-,-,-,-,-,-,-,-,-,-,-,-,-,-,-,-,-,-,-,-,-,-,-,-,-,-,-,-,-,-,-,-,-,-,-,-,-,-,-,-,-,-,-,-,-,-,-,-,-,-,-,-,-,-,-,-,-,-,-,-,-,-,-,-,-,-,-,-,-,-,-,-,-,-,-,-,-,-,0,-7.907,-16.866,209.151,-2.544,1.032,3.471,1.407,0.849,0.855,1.662,1.143,2.094,0.741,1.173,1.155,-19.904,1.118,1.306,1.554,0.773,0.094,0.079,1.162,1.426,1.96,2.407,2.224,3.375,3.107,3.836,3.995,3.261,4.153,4.143,3.891,4.364,3.711,4.314
EBIT per Share,-,-,-,-,-,-,-,-,-,-,-,-,-,-,-,-,-,-,-,-,-,-,-,-,-,-,-,-,-,-,-,-,-,-,-,-,-,-,-,-,-,-,-,-,-,-,-,-,-,-,-,-,-,-,-,-,-,-,-,-,-,-,-,-,-,-,-,-,-,-,-,-,-,-,-,-,-,-,-,-,-,0,-7.907,-16.866,209.151,-2.544,1.032,3.471,1.407,0.849,0.855,1.662,1.143,2.094,0.741,1.173,1.155,-19.904,1.118,1.306,1.554,0.773,0.094,0.079,1.162,1.426,0.918,1.099,1,2.385,1.656,2.381,2.385,1.519,2.363,2.04,1.753,2.169,1.207,2.127
Earnings per Share (Diluted),-,-,-,-,-,-,-,-,-,-,-,-,-,-,-,-,-,-,-,-,-,-,-,-,-,-,-,-,-,-,-,-,-,-,-,-,-,-,-,-,-,-,-,-,-,-,-,-,-,-,-,-,-,-,-,-,-,-,-,-,-,-,-,-,-,-,-,-,-,-,-,-,-,-,-,-,-,-,-,-,-,-53.421,-9.78,0,0,113.18,0,0.85,0,0.34,1.77,1.54,1.03,0.27,0.6,0.9,0.89,0.54,0.58,0.75,0.45,0.56,0.06,0.11,0.81,0.66,0.56,0.67,0.84,3.84,1.24,1.81,1.76,1.19,1.7,1.09,-2.06,-3.52,0.72,1.66
EPS without NRI,-,-,-,-,-,-,-,-,-,-,-,-,-,-,-,-,-,-,-,-,-,-,-,-,-,-,-,-,-,-,-,-,-,-,-,-,-,-,-,-,-,-,-,-,-,-,-,-,-,-,-,-,-,-,-,-,-,-,-,-,-,-,-,-,-,-,-,-,-,-,-,-,-,-,-,-,-,-,-,-,-,-53.42,-9.78,0,0,113.18,0,0.85,0,0.34,1.77,1.54,1.03,0.27,0.6,0.9,0.89,0.54,0.58,0.75,0.45,0.56,0.06,0.11,0.81,0.66,0.56,0.67,0.84,3.82,1.24,1.74,1.76,1.27,1.75,1.6,0.08,-3.29,0.77,1.66
Owner Earnings per Share (TTM),-,-,-,-,-,-,-,-,-,-,-,-,-,-,-,-,-,-,-,-,-,-,-,-,-,-,-,-,-,-,-,-,-,-,-,-,-,-,-,-,-,-,-,-,-,-,-,-,-,-,-,-,-,-,-,-,-,-,-,-,-,-,-,-,-,-,-,-,-,-,-,-,-,-,-,-,-,-,-,-,-,0,0,0,0,0,0,0,0,0,0,0,0,0,0,0,0,0,0,0,-0.633,-0.767,-1.431,-2.204,-2.555,-2.314,-2.157,-0.2,0.607,1.61,2.452,2.302,4.323,5.075,4.82,3.495,-1.923,-0.872,-2.347,-2.695
Free Cash Flow per Share,-,-,-,-,-,-,-,-,-,-,-,-,-,-,-,-,-,-,-,-,-,-,-,-,-,-,-,-,-,-,-,-,-,-,-,-,-,-,-,-,-,-,-,-,-,-,-,-,-,-,-,-,-,-,-,-,-,-,-,-,-,-,-,-,-,-,-,-,-,-,-,-,-,-,-,-,-,-,-,-,-,0,-17.931,-11.889,-2.491,-1.811,0.636,5.429,0.909,-1.76,-1.111,2.296,0.176,-0.597,0.119,0.94,0.728,-0.893,-1.061,1.403,0.777,0.445,-0.238,0.582,-1.149,-0.263,-2.112,-0.163,-1.891,-2.037,-4.749,-0.414,-0.199,-1.811,-2.883,-1.379,-2.861,0.288,-4.42,-1.118
Operating Cash Flow per Share,-,-,-,-,-,-,-,-,-,-,-,-,-,-,-,-,-,-,-,-,-,-,-,-,-,-,-,-,-,-,-,-,-,-,-,-,-,-,-,-,-,-,-,-,-,-,-,-,-,-,-,-,-,-,-,-,-,-,-,-,-,-,-,-,-,-,-,-,-,-,-,-,-,-,-,-,-,-,-,-,-,0,-15.368,-9.322,-0.422,-1.193,1.165,7.366,1.749,-1.026,-0.207,3.062,1.211,0.865,1.477,2.359,2.034,0.466,0.543,2.918,2.296,1.812,1.169,2.269,0.643,1.887,0.222,3.486,2.044,1.442,-0.068,3.875,4.174,2.599,1.332,3.633,1.957,4.76,0.313,3.567
Dividends per Share,-,-,-,-,-,-,-,-,-,-,-,-,-,-,-,-,-,-,-,-,-,-,-,-,-,-,-,-,-,-,-,-,-,-,-,-,-,-,-,-,-,-,-,-,-,-,-,-,-,-,-,-,-,-,-,-,-,-,-,-,-,-,-,-,-,-,-,-,-,-,-,-,-,-,-,-,-,-,-,-,-,0,0,0,0,0,0,0,0,0,0,0,0,0,0,0,0,0,0,0,0,0,0.3,0.3,0.3,0.3,0.3,0.36,0.36,0.36,0.38,0.38,0.38,0.38,0.38,0.38,0.38,0.38,0.38,0.38
Book Value per Share,-,-,-,-,-,-,-,-,-,-,-,-,-,-,-,-,-,-,-,-,-,-,-,-,-,-,-,-,-,-,-,-,-,-,-,-,-,-,-,-,-,-,-,-,-,-,-,-,-,-,-,-,-,-,-,-,-,-,-,-,-,-,-,-,-,-,-,-,-,-,-,-,-,-,-,-,-,-,-,-,-,-147.772,0,0,0,13.381,14.004,15.343,15.165,17.191,17.816,19.679,21.96,17.721,18.434,19.355,19.967,18.921,19.426,19.988,20.581,26.332,24.446,24.303,24.933,22.161,22.706,22.188,21.649,26.581,27.288,27.269,29.813,29.224,30.648,30.347,30.174,24.954,24.499,25.644
Tangible Book per Share,-,-,-,-,-,-,-,-,-,-,-,-,-,-,-,-,-,-,-,-,-,-,-,-,-,-,-,-,-,-,-,-,-,-,-,-,-,-,-,-,-,-,-,-,-,-,-,-,-,-,-,-,-,-,-,-,-,-,-,-,-,-,-,-,-,-,-,-,-,-,-,-,-,-,-,-,-,-,-,-,-,-148.23,0,0,0,-15.094,-13.815,-13.327,-13.509,-11.913,-8.776,-6.662,-3.853,-7.224,-5.911,-4.654,-3.86,12.494,13.022,13.851,14.641,21.513,20.068,20.058,20.781,18.154,18.77,18.286,17.847,22.616,23.361,23.248,25.577,25.125,26.519,26.355,25.992,20.784,20.363,21.59
Total Debt per Share,-,-,-,-,-,-,-,-,-,-,-,-,-,-,-,-,-,-,-,-,-,-,-,-,-,-,-,-,-,-,-,-,-,-,-,-,-,-,-,-,-,-,-,-,-,-,-,-,-,-,-,-,-,-,-,-,-,-,-,-,-,-,-,-,-,-,-,-,-,-,-,-,-,-,-,-,-,-,-,-,-,79.34,0,0,0,9.939,8.926,5.441,5.711,7.171,7.999,7.699,7.457,8.215,9.084,9.447,10.634,11.746,13.16,19.106,22.945,24.122,23.604,25.048,25.691,29.166,30.161,33.786,35.877,42.074,47.433,47.075,52.733,50.082,60.601,59.393,66.195,67.173,70.584,69.643
Month End Stock Price,-,-,-,-,-,-,-,-,-,-,-,-,-,-,-,-,-,-,-,-,-,-,-,-,-,-,-,-,-,-,-,-,-,-,-,-,-,-,-,-,-,-,-,-,-,-,-,-,-,-,-,-,-,-,-,-,-,-,-,-,-,-,-,-,-,-,-,-,-,-,-,-,-,-,-,-,-,-,-,-,-,0,0,0,0,0,0,0,0,36.86,31.03,30.36,20.18,20.27,25.65,19.72,22.75,28.83,27.82,33.31,35.97,40.87,34.42,36.3,31.94,34.91,37.5,33.33,30.02,34.01,31.43,28.3,31.77,34.84,35.36,34.93,40.38,40.99,36.34,39.4
ROE %,-,-,-,-,-,-,-,-,-,-,-,-,-,-,-,-,-,-,-,-,-,-,-,-,-,-,-,-,-,-,-,-,-,-,-,-,-,-,-,-,-,-,-,-,-,-,-,-,-,-,-,-,-,-,-,-,-,-,-,-,-,-,-,-,-,-,-,-,-,-,-,-,-,-,-,-,-,-,-,-,-,0,0,0,0,-132.52,15.91,23.58,34.25,6.92,33.89,25.46,16.08,4.56,10.38,14.88,14.34,9.16,9.37,12.64,7.43,9.2,1.18,1.8,13.03,11.27,10.53,12.5,15.58,67.28,19.34,27.11,25.11,16.58,23.23,14.51,-27.19,-53.49,11.91,26.96
ROE % Adjusted to Book Value,-,-,-,-,-,-,-,-,-,-,-,-,-,-,-,-,-,-,-,-,-,-,-,-,-,-,-,-,-,-,-,-,-,-,-,-,-,-,-,-,-,-,-,-,-,-,-,-,-,-,-,-,-,-,-,-,-,-,-,-,-,-,-,-,-,-,-,-,-,-,-,-,-,-,-,-,-,-,-,-,-,0,0,0,0,0,0,0,0,3.23,19.48,16.53,17.48,4,7.47,14.59,12.58,6.03,6.55,7.57,4.25,5.94,0.84,1.21,10.18,7.13,6.38,8.33,11.21,52.56,16.82,26.07,23.47,13.93,20.2,12.62,-20.29,-32.62,8.05,17.51
ROA %,-,-,-,-,-,-,-,-,-,-,-,-,-,-,-,-,-,-,-,-,-,-,-,-,-,-,-,-,-,-,-,-,-,-,-,-,-,-,-,-,-,-,-,-,-,-,-,-,-,-,-,-,-,-,-,-,-,-,-,-,-,-,-,-,-,-,-,-,-,-,-,-,-,-,-,-,-,-,-,-,-,0,-52.5,0,0,-20.19,3.14,4.59,6.43,4.07,9.46,8.08,5.64,1.98,3.57,4.89,4.77,3.13,3.1,3.57,4.14,2.48,0.5,0.63,3.31,4.49,2.12,2.44,2.9,13.08,3.93,5.54,5.18,3.34,4.61,2.82,-5.08,-9.32,1.94,4.37
ROC (Joel Greenblatt) %,-,-,-,-,-,-,-,-,-,-,-,-,-,-,-,-,-,-,-,-,-,-,-,-,-,-,-,-,-,-,-,-,-,-,-,-,-,-,-,-,-,-,-,-,-,-,-,-,-,-,-,-,-,-,-,-,-,-,-,-,-,-,-,-,-,-,-,-,-,-,-,-,-,-,-,-,-,-,-,-,-,0,-97.44,0,0,-172.95,35.32,39.67,45.35,26.58,31.71,53.73,36.16,61.61,20.86,31.8,29.78,-508.78,25.54,30.97,34.55,16.22,1.87,1.49,20.87,24.6,15.04,16.46,13.57,30.18,19.28,25.28,23.38,14.08,20.47,16.69,13.68,16.08,8.64,14.96
ROIC %,-,-,-,-,-,-,-,-,-,-,-,-,-,-,-,-,-,-,-,-,-,-,-,-,-,-,-,-,-,-,-,-,-,-,-,-,-,-,-,-,-,-,-,-,-,-,-,-,-,-,-,-,-,-,-,-,-,-,-,-,-,-,-,-,-,-,-,-,-,-,-,-,-,-,-,-,-,-,-,-,-,0,0,0,0,-168.9,20.26,81.9,0,13.02,22.42,46.39,29.19,25.96,24.96,28.05,22.26,8.45,10.33,13.16,15.37,5.02,-20.81,-31.11,6.89,9,3.3,5.46,5.32,22.41,7.15,9.62,9.63,6.2,7.65,6.75,0.32,-15.25,1.36,4.25
WACC %,-,-,-,-,-,-,-,-,-,-,-,-,-,-,-,-,-,-,-,-,-,-,-,-,-,-,-,-,-,-,-,-,-,-,-,-,-,-,-,-,-,-,-,-,-,-,-,-,-,-,-,-,-,-,-,-,-,-,-,-,-,-,-,-,-,-,-,-,-,-,-,-,-,-,-,-,-,-,-,-,-,0,0,0,0,0,0,0,0,0,0,0,0,0,0,0,0,10,9.37,9.88,9.66,10.06,9.7,9.89,8.94,6.27,5.98,6.84,5.7,6.68,6.33,5.34,5.4,5.98,5.69,5.4,5.39,5.19,4.57,4.86
Effective Interest Rate on Debt %,-,-,-,-,-,-,-,-,-,-,-,-,-,-,-,-,-,-,-,-,-,-,-,-,-,-,-,-,-,-,-,-,-,-,-,-,-,-,-,-,-,-,-,-,-,-,-,-,-,-,-,-,-,-,-,-,-,-,-,-,-,-,-,-,-,-,-,-,-,-,-,-,-,-,-,-,-,-,-,-,-,0,21.42,0,0,16.68,9,8.95,12.58,10.27,5.13,5.06,3.41,4.4,3.25,3.25,3.26,3.25,2.11,1.08,0.88,1.37,1.11,1.03,0.95,0.95,0.93,0.85,0.81,0.62,0.76,0.79,0.75,0.78,0.71,0.59,0.66,0.62,0.62,0.65
Gross Margin %,-,-,-,-,-,-,-,-,-,-,-,-,-,-,-,-,-,-,-,-,-,-,-,-,-,-,-,-,-,-,-,-,-,-,-,-,-,-,-,-,-,-,-,-,-,-,-,-,-,-,-,-,-,-,-,-,-,-,-,-,-,-,-,-,-,-,-,-,-,-,-,-,-,-,-,-,-,-,-,-,-,0,-9.72,-27.5,5.27,-1.55,12.46,13.76,13.13,10.48,12,13.7,13,14.16,12.84,13.12,12.88,-6.63,11.57,13.44,14.92,12.76,8.77,9.58,13.25,14.05,14.11,14.62,17.47,23.16,17.91,19.91,19.93,17.94,20.14,20.14,21.15,21.23,16.39,18.2
Operating Margin %,-,-,-,-,-,-,-,-,-,-,-,-,-,-,-,-,-,-,-,-,-,-,-,-,-,-,-,-,-,-,-,-,-,-,-,-,-,-,-,-,-,-,-,-,-,-,-,-,-,-,-,-,-,-,-,-,-,-,-,-,-,-,-,-,-,-,-,-,-,-,-,-,-,-,-,-,-,-,-,-,-,0,-20.85,-45.24,-7.44,-12.14,3.79,5.74,5.09,0.76,3.71,6.23,4.92,3.53,4.27,4.84,4.47,-21.2,2.6,4.48,5.94,1.6,-1.43,-1.19,3.13,3.61,2.11,3.37,2.57,10.87,5.29,7.95,8.09,4.39,6.93,6.21,5.7,6.84,1.47,4.02
Net Margin %,-,-,-,-,-,-,-,-,-,-,-,-,-,-,-,-,-,-,-,-,-,-,-,-,-,-,-,-,-,-,-,-,-,-,-,-,-,-,-,-,-,-,-,-,-,-,-,-,-,-,-,-,-,-,-,-,-,-,-,-,-,-,-,-,-,-,-,-,-,-,-,-,-,-,-,-,-,-,-,-,-,0,-26.64,-55.99,474.69,-10.64,3.39,4.63,6.35,3.81,9.3,7.6,5.74,1.91,3.48,4.91,4.88,3.04,3.19,3.62,4.4,2.57,0.57,0.7,3.75,5.02,2.65,2.93,3.5,27.26,5.24,7.67,7.13,4.6,7,4.49,-8.87,-13.66,2.9,6.5
FCF Margin %,-,-,-,-,-,-,-,-,-,-,-,-,-,-,-,-,-,-,-,-,-,-,-,-,-,-,-,-,-,-,-,-,-,-,-,-,-,-,-,-,-,-,-,-,-,-,-,-,-,-,-,-,-,-,-,-,-,-,-,-,-,-,-,-,-,-,-,-,-,-,-,-,-,-,-,-,-,-,-,-,-,0,-48.84,-31.52,-5.68,-8.9,3.21,8.54,4,-7.16,-5.58,9.65,0.81,-2.62,0.53,4.18,3.22,-3.81,-4.34,6.02,3.35,1.86,-1.08,2.48,-4.95,-1.12,-9.97,-0.71,-7.88,-14.13,-20.14,-1.75,-0.81,-7.02,-11.85,-5.66,-12.52,1.11,-17.51,-4.35
Debt-to-Equity,-,-,-,-,-,-,-,-,-,-,-,-,-,-,-,-,-,-,-,-,-,-,-,-,-,-,-,-,-,-,-,-,-,-,-,-,-,-,-,-,-,-,-,-,-,-,-,-,-,-,-,-,-,-,-,-,-,-,-,-,-,-,-,-,-,-,-,-,-,-,-,-,-,-,-,-,-,-,-,-,-,-0.537,-,-,-,0.743,0.637,0.355,0.377,0.297,0.327,0.292,0.261,0.337,0.362,0.363,0.4,0.443,0.49,0.697,0.873,0.849,0.894,0.954,0.956,1.316,1.328,1.523,1.657,1.583,1.738,1.726,1.769,1.714,1.977,1.957,2.194,2.692,2.881,2.716
Equity-to-Asset,-,-,-,-,-,-,-,-,-,-,-,-,-,-,-,-,-,-,-,-,-,-,-,-,-,-,-,-,-,-,-,-,-,-,-,-,-,-,-,-,-,-,-,-,-,-,-,-,-,-,-,-,-,-,-,-,-,-,-,-,-,-,-,-,-,-,-,-,-,-,-,-,-,-,-,-,-,-,-,-,-,0,0,0,0,0.156,0.163,0.174,0.166,0.26,0.262,0.273,0.301,0.264,0.261,0.268,0.268,0.243,0.244,0.235,0.218,0.256,0.243,0.234,0.243,0.2,0.202,0.189,0.183,0.205,0.201,0.207,0.206,0.198,0.199,0.189,0.184,0.165,0.157,0.165
Debt-to-Asset,-,-,-,-,-,-,-,-,-,-,-,-,-,-,-,-,-,-,-,-,-,-,-,-,-,-,-,-,-,-,-,-,-,-,-,-,-,-,-,-,-,-,-,-,-,-,-,-,-,-,-,-,-,-,-,-,-,-,-,-,-,-,-,-,-,-,-,-,-,-,-,-,-,-,-,-,-,-,-,-,-,0,0,0,0,0.116,0.104,0.062,0.062,0.077,0.086,0.08,0.079,0.089,0.095,0.097,0.107,0.107,0.12,0.164,0.191,0.218,0.218,0.224,0.232,0.263,0.268,0.288,0.304,0.325,0.349,0.358,0.364,0.339,0.394,0.371,0.404,0.443,0.452,0.449
Gross-Profit-to-Asset %,-,-,-,-,-,-,-,-,-,-,-,-,-,-,-,-,-,-,-,-,-,-,-,-,-,-,-,-,-,-,-,-,-,-,-,-,-,-,-,-,-,-,-,-,-,-,-,-,-,-,-,-,-,-,-,-,-,-,-,-,-,-,-,-,-,-,-,-,-,-,-,-,-,-,-,-,-,-,-,-,-,0,-19.16,0,0,-2.93,11.52,13.63,13.3,11.19,12.2,14.57,12.77,14.68,13.16,13.07,12.6,-6.84,11.26,13.26,14.03,12.34,7.72,8.61,11.69,12.57,11.28,12.21,14.48,11.11,13.42,14.38,14.49,13.04,13.27,12.65,12.11,14.49,10.97,12.24
Asset Turnover,-,-,-,-,-,-,-,-,-,-,-,-,-,-,-,-,-,-,-,-,-,-,-,-,-,-,-,-,-,-,-,-,-,-,-,-,-,-,-,-,-,-,-,-,-,-,-,-,-,-,-,-,-,-,-,-,-,-,-,-,-,-,-,-,-,-,-,-,-,-,-,-,-,-,-,-,-,-,-,-,-,0,0.493,0,0,0.474,0.231,0.248,0.253,0.267,0.254,0.266,0.246,0.259,0.256,0.249,0.244,0.258,0.243,0.247,0.235,0.242,0.22,0.225,0.221,0.224,0.2,0.209,0.207,0.12,0.187,0.181,0.182,0.182,0.165,0.157,0.143,0.171,0.167,0.168
Dividend Payout Ratio,-,-,-,-,-,-,-,-,-,-,-,-,-,-,-,-,-,-,-,-,-,-,-,-,-,-,-,-,-,-,-,-,-,-,-,-,-,-,-,-,-,-,-,-,-,-,-,-,-,-,-,-,-,-,-,-,-,-,-,-,-,-,-,-,-,-,-,-,-,-,-,-,-,-,-,-,-,-,-,-,-,0,0,0,0,0,0,0,0,0,0,0,0,0,0,0,0,0,0,0,0,0,5,2.727,0.37,0.455,0.536,0.537,0.429,0.094,0.306,0.218,0.216,0.299,0.217,0.238,4.75,0,0.494,0.229
Days Sales Outstanding,-,-,-,-,-,-,-,-,-,-,-,-,-,-,-,-,-,-,-,-,-,-,-,-,-,-,-,-,-,-,-,-,-,-,-,-,-,-,-,-,-,-,-,-,-,-,-,-,-,-,-,-,-,-,-,-,-,-,-,-,-,-,-,-,-,-,-,-,-,-,-,-,-,-,-,-,-,-,-,-,-,0,0,0,0,21.22,25.2,24.57,24.12,21.52,33.6,28.16,26.95,31.74,39.12,44.34,41.44,33.52,41.67,51.34,51.68,51.42,65.35,62.78,61.72,58.98,70.77,65.81,65.08,104.74,69.08,73.87,73.28,56.78,85.21,71.78,79.82,69.4,80.7,78.61
Days Payable,-,-,-,-,-,-,-,-,-,-,-,-,-,-,-,-,-,-,-,-,-,-,-,-,-,-,-,-,-,-,-,-,-,-,-,-,-,-,-,-,-,-,-,-,-,-,-,-,-,-,-,-,-,-,-,-,-,-,-,-,-,-,-,-,-,-,-,-,-,-,-,-,-,-,-,-,-,-,-,-,-,0,0,0,0,52.05,67.73,66.2,68.27,59.41,70.88,68.24,73.25,68.7,76.46,73.79,73.35,54.79,75.86,72.35,74.95,61.03,74.11,68.7,66.38,60.38,74.93,67.88,71.7,124.29,79.85,82.16,83.89,65.04,88.07,72.31,80.08,73.5,78.72,74.83
Days Inventory,-,-,-,-,-,-,-,-,-,-,-,-,-,-,-,-,-,-,-,-,-,-,-,-,-,-,-,-,-,-,-,-,-,-,-,-,-,-,-,-,-,-,-,-,-,-,-,-,-,-,-,-,-,-,-,-,-,-,-,-,-,-,-,-,-,-,-,-,-,-,-,-,-,-,-,-,-,-,-,-,-,0,24.46,0,0,14.05,35.27,36.24,37.9,34.78,37.41,37.73,41.88,41.33,41.82,43.67,43.35,33.08,41.84,40.44,41.45,37.97,38.6,38.23,40.74,38.66,41.19,39.57,40.68,72.65,44.12,47,44.62,36.89,39.44,40.13,39.72,34.48,33.44,33.83
Cash Conversion Cycle,-,-,-,-,-,-,-,-,-,-,-,-,-,-,-,-,-,-,-,-,-,-,-,-,-,-,-,-,-,-,-,-,-,-,-,-,-,-,-,-,-,-,-,-,-,-,-,-,-,-,-,-,-,-,-,-,-,-,-,-,-,-,-,-,-,-,-,-,-,-,-,-,-,-,-,-,-,-,-,-,-,0,24.46,0,0,-16.78,-7.26,-5.39,-6.25,-3.11,0.13,-2.35,-4.42,4.37,4.48,14.22,11.44,11.81,7.65,19.43,18.18,28.36,29.84,32.31,36.08,37.26,37.03,37.5,34.06,53.1,33.35,38.71,34.01,28.63,36.58,39.6,39.46,30.38,35.42,37.61
Inventory Turnover,-,-,-,-,-,-,-,-,-,-,-,-,-,-,-,-,-,-,-,-,-,-,-,-,-,-,-,-,-,-,-,-,-,-,-,-,-,-,-,-,-,-,-,-,-,-,-,-,-,-,-,-,-,-,-,-,-,-,-,-,-,-,-,-,-,-,-,-,-,-,-,-,-,-,-,-,-,-,-,-,-,0,3.73,0,0,6.5,2.59,2.52,2.41,2.62,2.44,2.42,2.18,2.21,2.18,2.09,2.1,2.76,2.18,2.26,2.2,2.4,2.36,2.39,2.24,2.36,2.22,2.31,2.24,1.26,2.07,1.94,2.05,2.47,2.31,2.27,2.3,2.65,2.73,2.7
COGS-to-Revenue,-,-,-,-,-,-,-,-,-,-,-,-,-,-,-,-,-,-,-,-,-,-,-,-,-,-,-,-,-,-,-,-,-,-,-,-,-,-,-,-,-,-,-,-,-,-,-,-,-,-,-,-,-,-,-,-,-,-,-,-,-,-,-,-,-,-,-,-,-,-,-,-,-,-,-,-,-,-,-,-,-,0,1.1,1.27,0.95,1.02,0.88,0.86,0.87,0.9,0.88,0.86,0.87,0.86,0.87,0.87,0.87,1.07,0.88,0.87,0.85,0.87,0.91,0.9,0.87,0.86,0.86,0.85,0.83,0.77,0.82,0.8,0.8,0.82,0.8,0.8,0.79,0.79,0.84,0.82
Inventory-to-Revenue,-,-,-,-,-,-,-,-,-,-,-,-,-,-,-,-,-,-,-,-,-,-,-,-,-,-,-,-,-,-,-,-,-,-,-,-,-,-,-,-,-,-,-,-,-,-,-,-,-,-,-,-,-,-,-,-,-,-,-,-,-,-,-,-,-,-,-,-,-,-,-,-,-,-,-,-,-,-,-,-,-,0,0.294,0,0,0.156,0.338,0.343,0.361,0.341,0.361,0.357,0.399,0.389,0.399,0.416,0.414,0.387,0.406,0.384,0.387,0.363,0.386,0.379,0.387,0.364,0.388,0.37,0.368,0.612,0.397,0.413,0.392,0.332,0.345,0.351,0.343,0.298,0.306,0.303
Revenue,-,-,-,-,-,-,-,-,-,-,-,-,-,-,-,-,-,-,-,-,-,-,-,-,-,-,-,-,-,-,-,-,-,-,-,-,-,-,-,-,-,-,-,-,-,-,-,-,-,-,-,-,-,-,-,-,-,-,-,-,-,-,-,-,-,-,-,-,-,-,-,-,-,-,-,-,-,-,-,-,-,0,"22,431.00","23,047.00","26,784.00","32,327.00","31,476.00","33,174.00","34,060.00","36,882.00","36,194.00","39,373.00","36,719.00","37,990.00","37,759.00","37,614.00","37,576.00","39,307.00","36,884.00","39,075.00","38,983.00","40,485.00","37,408.00","39,649.00","39,255.00","39,617.00","35,712.00","38,180.00","38,843.00","22,990.00","37,265.00","37,383.00","38,889.00","39,896.00","37,266.00","36,984.00","33,623.00","37,715.00","36,099.00","36,760.00"
Cost of Goods Sold,-,-,-,-,-,-,-,-,-,-,-,-,-,-,-,-,-,-,-,-,-,-,-,-,-,-,-,-,-,-,-,-,-,-,-,-,-,-,-,-,-,-,-,-,-,-,-,-,-,-,-,-,-,-,-,-,-,-,-,-,-,-,-,-,-,-,-,-,-,-,-,-,-,-,-,-,-,-,-,-,-,0,"24,611.00","29,384.00","25,373.00","32,827.00","27,553.00","28,609.00","29,587.00","33,018.00","31,850.00","33,979.00","31,946.00","32,611.00","32,910.00","32,678.00","32,735.00","41,913.00","32,617.00","33,824.00","33,166.00","35,318.00","34,127.00","35,851.00","34,054.00","34,050.00","30,674.00","32,597.00","32,058.00","17,666.00","30,589.00","29,941.00","31,139.00","32,738.00","29,761.00","29,535.00","26,511.00","29,708.00","30,184.00","30,071.00"
Gross Profit,-,-,-,-,-,-,-,-,-,-,-,-,-,-,-,-,-,-,-,-,-,-,-,-,-,-,-,-,-,-,-,-,-,-,-,-,-,-,-,-,-,-,-,-,-,-,-,-,-,-,-,-,-,-,-,-,-,-,-,-,-,-,-,-,-,-,-,-,-,-,-,-,-,-,-,-,-,-,-,-,-,0,"-2,180.00","-6,337.00","1,411.00",-500,"3,923.00","4,565.00","4,473.00","3,864.00","4,344.00","5,394.00","4,773.00","5,379.00","4,849.00","4,936.00","4,841.00","-2,606.00","4,267.00","5,251.00","5,817.00","5,167.00","3,281.00","3,798.00","5,201.00","5,567.00","5,038.00","5,583.00","6,785.00","5,324.00","6,676.00","7,442.00","7,750.00","7,158.00","7,505.00","7,449.00","7,112.00","8,007.00","5,915.00","6,689.00"
"Selling, General, & Admin. Expense",-,-,-,-,-,-,-,-,-,-,-,-,-,-,-,-,-,-,-,-,-,-,-,-,-,-,-,-,-,-,-,-,-,-,-,-,-,-,-,-,-,-,-,-,-,-,-,-,-,-,-,-,-,-,-,-,-,-,-,-,-,-,-,-,-,-,-,-,-,-,-,-,-,-,-,-,-,-,-,-,-,0,"2,497.00","2,936.00","3,364.00","4,620.00","2,730.00","2,662.00","2,740.00","3,314.00","3,000.00","2,943.00","2,967.00","3,253.00","2,973.00","2,847.00","2,849.00","5,347.00","2,952.00","2,925.00","2,876.00","3,629.00","2,941.00","3,343.00","2,921.00","2,953.00","3,117.00","2,977.00","4,282.00","1,512.00","2,818.00","2,508.00","2,400.00","2,976.00","2,356.00","2,477.00","2,304.00","2,434.00","2,372.00","2,216.00"
Research & Development,-,-,-,-,-,-,-,-,-,-,-,-,-,-,-,-,-,-,-,-,-,-,-,-,-,-,-,-,-,-,-,-,-,-,-,-,-,-,-,-,-,-,-,-,-,-,-,-,-,-,-,-,-,-,-,-,-,-,-,-,-,-,-,-,-,-,-,-,-,-,-,-,-,-,-,-,-,-,-,-,-,0,0,0,0,0,0,0,0,0,0,0,0,0,0,0,0,0,0,0,0,0,0,0,0,0,0,0,0,0,0,0,0,0,0,0,0,0,0,0
Other Operating Expense,-,-,-,-,-,-,-,-,-,-,-,-,-,-,-,-,-,-,-,-,-,-,-,-,-,-,-,-,-,-,-,-,-,-,-,-,-,-,-,-,-,-,-,-,-,-,-,-,-,-,-,-,-,-,-,-,-,-,-,-,-,-,-,-,-,-,-,-,-,-,-,-,-,-,-,-,-,-,-,-,-,0,0,"1,154.00",41,"-1,195.00",0,0,0,270,0,0,0,785,263,268,311,380,356,575,625,892,875,926,"1,053.00","1,185.00","1,168.00","1,318.00","1,506.00","1,312.00","1,886.00","1,962.00","2,202.00","2,431.00","2,566.00","2,675.00","2,892.00","2,995.00","3,014.00","2,996.00"
Operating Income,-,-,-,-,-,-,-,-,-,-,-,-,-,-,-,-,-,-,-,-,-,-,-,-,-,-,-,-,-,-,-,-,-,-,-,-,-,-,-,-,-,-,-,-,-,-,-,-,-,-,-,-,-,-,-,-,-,-,-,-,-,-,-,-,-,-,-,-,-,-,-,-,-,-,-,-,-,-,-,-,-,0,"-4,677.00","-10,427.00","-1,994.00","-3,925.00","1,193.00","1,903.00","1,733.00",280,"1,344.00","2,451.00","1,806.00","1,341.00","1,613.00","1,821.00","1,681.00","-8,333.00",959,"1,751.00","2,316.00",646,-535,-471,"1,227.00","1,429.00",753,"1,288.00",997,"2,500.00","1,972.00","2,972.00","3,148.00","1,751.00","2,583.00","2,297.00","1,916.00","2,578.00",529,"1,477.00"
  Interest Income,-,-,-,-,-,-,-,-,-,-,-,-,-,-,-,-,-,-,-,-,-,-,-,-,-,-,-,-,-,-,-,-,-,-,-,-,-,-,-,-,-,-,-,-,-,-,-,-,-,-,-,-,-,-,-,-,-,-,-,-,-,-,-,-,-,-,-,-,-,-,-,-,-,-,-,-,-,-,-,-,-,0,425,408,473,-14,447,0,377,-269,604,308,152,-609,275,139,318,-389,171,251,-82,-94,89,81,239,-198,241,13,119,241,85,133,109,32,482,272,165,13,549,930
  Interest Expense,-,-,-,-,-,-,-,-,-,-,-,-,-,-,-,-,-,-,-,-,-,-,-,-,-,-,-,-,-,-,-,-,-,-,-,-,-,-,-,-,-,-,-,-,-,-,-,-,-,-,-,-,-,-,-,-,-,-,-,-,-,-,-,-,-,-,-,-,-,-,-,-,-,-,-,-,-,-,-,-,-,0,"-1,230.00","-3,375.00","-1,188.00",-329,-337,-250,-263,-248,-149,-155,-101,-135,-110,-118,-128,-133,-91,-61,-65,-117,-103,-100,-96,-104,-110,-108,-112,-93,-127,-144,-145,-150,-147,-132,-151,-145,-150,-159
Net Interest Income,-,-,-,-,-,-,-,-,-,-,-,-,-,-,-,-,-,-,-,-,-,-,-,-,-,-,-,-,-,-,-,-,-,-,-,-,-,-,-,-,-,-,-,-,-,-,-,-,-,-,-,-,-,-,-,-,-,-,-,-,-,-,-,-,-,-,-,-,-,-,-,-,-,-,-,-,-,-,-,-,-,0,-805,"-2,967.00",-715,-343,110,-250,114,-517,455,153,51,-744,165,21,190,-522,80,190,-147,-211,-14,-19,143,-302,131,-95,7,148,-42,-11,-36,-118,335,140,14,-132,399,771
Other Income (Expense),-,-,-,-,-,-,-,-,-,-,-,-,-,-,-,-,-,-,-,-,-,-,-,-,-,-,-,-,-,-,-,-,-,-,-,-,-,-,-,-,-,-,-,-,-,-,-,-,-,-,-,-,-,-,-,-,-,-,-,-,-,-,-,-,-,-,-,-,-,-,-,-,-,-,-,-,-,-,-,-,-,0,-579,-286,"129,312.00",-101,-1,-91,0,"1,263.00",-395,-10,-35,"2,760.00",-635,0,-78,"-24,618.00",555,189,378,752,605,523,499,"1,161.00",553,524,502,"1,063.00",560,660,497,565,555,530,500,547,648,637
  Other Income (Minority Interest),-,-,-,-,-,-,-,-,-,-,-,-,-,-,-,-,-,-,-,-,-,-,-,-,-,-,-,-,-,-,-,-,-,-,-,-,-,-,-,-,-,-,-,-,-,-,-,-,-,-,-,-,-,-,-,-,-,-,-,-,-,-,-,-,-,-,-,-,-,-,-,-,-,-,-,-,-,-,-,-,-,0,-76,332,-428,-224,-128,-76,-61,-66,-45,-45,15,-22,-35,-55,-21,163,-10,26,12,-13,-67,-9,29,-22,37,-23,18,40,22,16,61,60,-9,-3,1,29,6,24
Pre-Tax Income,-,-,-,-,-,-,-,-,-,-,-,-,-,-,-,-,-,-,-,-,-,-,-,-,-,-,-,-,-,-,-,-,-,-,-,-,-,-,-,-,-,-,-,-,-,-,-,-,-,-,-,-,-,-,-,-,-,-,-,-,-,-,-,-,-,-,-,-,-,-,-,-,-,-,-,-,-,-,-,-,-,0,"-6,061.00","-13,680.00","126,603.00","-4,369.00","1,302.00","1,562.00","1,847.00","1,026.00","1,404.00","2,594.00","1,822.00","3,357.00","1,143.00","1,842.00","1,793.00","-33,473.00","1,594.00","2,130.00","2,547.00","1,187.00",56,33,"1,869.00","2,288.00","1,437.00","1,717.00","1,506.00","3,711.00","2,490.00","3,621.00","3,609.00","2,198.00","3,473.00","2,967.00","2,430.00","2,993.00","1,576.00","2,885.00"
Tax Provision,-,-,-,-,-,-,-,-,-,-,-,-,-,-,-,-,-,-,-,-,-,-,-,-,-,-,-,-,-,-,-,-,-,-,-,-,-,-,-,-,-,-,-,-,-,-,-,-,-,-,-,-,-,-,-,-,-,-,-,-,-,-,-,-,-,-,-,-,-,-,-,-,-,-,-,-,-,-,-,-,-,0,114,445,746,861,-509,-361,25,173,-137,61,-107,293,-216,-241,-357,"35,645.00",-409,-742,-842,-134,224,254,-427,-279,-529,-577,-165,"2,490.00",-559,-877,-902,-303,-787,-534,"-2,316.00","-7,896.00",-466,-519
Tax Rate %,-,-,-,-,-,-,-,-,-,-,-,-,-,-,-,-,-,-,-,-,-,-,-,-,-,-,-,-,-,-,-,-,-,-,-,-,-,-,-,-,-,-,-,-,-,-,-,-,-,-,-,-,-,-,-,-,-,-,-,-,-,-,-,-,-,-,-,-,-,-,-,-,-,-,-,-,-,-,-,-,-,0,1.88,3.25,-0.59,19.71,39.09,23.11,-1.35,-16.86,9.76,-2.35,5.87,-8.73,18.9,13.08,19.91,106.49,25.66,34.84,33.06,11.29,-400,-769.7,22.85,12.19,36.81,33.61,10.96,-67.1,22.45,24.22,24.99,13.79,22.66,18,95.31,263.82,29.57,17.99
Net Income (Continuing Operations),-,-,-,-,-,-,-,-,-,-,-,-,-,-,-,-,-,-,-,-,-,-,-,-,-,-,-,-,-,-,-,-,-,-,-,-,-,-,-,-,-,-,-,-,-,-,-,-,-,-,-,-,-,-,-,-,-,-,-,-,-,-,-,-,-,-,-,-,-,-,-,-,-,-,-,-,-,-,-,-,-,0,"-5,899.00","-13,237.00","127,568.00","-3,215.00","1,196.00","1,612.00","2,223.00","1,472.00","3,411.00","3,037.00","2,092.00",747,"1,350.00","1,901.00","1,854.00","1,031.00","1,185.00","1,388.00","1,705.00","1,053.00",280,287,"1,442.00","2,009.00",908,"1,140.00","1,341.00","6,201.00","1,931.00","2,744.00","2,707.00","1,895.00","2,686.00","2,433.00",114,"-4,903.00","1,110.00","2,366.00"
Net Income (Discontinued Operations),-,-,-,-,-,-,-,-,-,-,-,-,-,-,-,-,-,-,-,-,-,-,-,-,-,-,-,-,-,-,-,-,-,-,-,-,-,-,-,-,-,-,-,-,-,-,-,-,-,-,-,-,-,-,-,-,-,-,-,-,-,-,-,-,-,-,-,-,-,-,-,-,-,-,-,-,-,-,-,-,-,0,0,0,0,0,0,0,0,0,0,0,0,0,0,0,0,0,0,0,0,0,0,0,0,0,0,0,0,0,0,106,5,-120,-69,-770,"-3,096.00",-277,-70,0
Net Income,-,-,-,-,-,-,-,-,-,-,-,-,-,-,-,-,-,-,-,-,-,-,-,-,-,-,-,-,-,-,-,-,-,-,-,-,-,-,-,-,-,-,-,-,-,-,-,-,-,-,-,-,-,-,-,-,-,-,-,-,-,-,-,-,-,-,-,-,-,-,-,-,-,-,-,-,-,-,-,-,-,0,"-5,975.00","-12,905.00","127,140.00","-3,439.00","1,068.00","1,536.00","2,162.00","1,406.00","3,366.00","2,992.00","2,107.00",725,"1,315.00","1,846.00","1,833.00","1,194.00","1,175.00","1,414.00","1,717.00","1,040.00",213,278,"1,471.00","1,987.00",945,"1,117.00","1,359.00","6,266.00","1,953.00","2,866.00","2,773.00","1,835.00","2,608.00","1,660.00","-2,981.00","-5,151.00","1,046.00","2,390.00"
Preferred Dividends,-,-,-,-,-,-,-,-,-,-,-,-,-,-,-,-,-,-,-,-,-,-,-,-,-,-,-,-,-,-,-,-,-,-,-,-,-,-,-,-,-,-,-,-,-,-,-,-,-,-,-,-,-,-,-,-,-,-,-,-,-,-,-,-,-,-,-,-,-,-,-,-,-,-,-,-,-,-,-,-,-,0,0,0,0,81,203,202,203,896,215,468,381,-493,311,214,215,215,215,214,"1,019.00",127,88,88,87,882,0,0,0,0,0,0,0,0,0,0,2,14,14,15
EPS (Basic),-,-,-,-,-,-,-,-,-,-,-,-,-,-,-,-,-,-,-,-,-,-,-,-,-,-,-,-,-,-,-,-,-,-,-,-,-,-,-,-,-,-,-,-,-,-,-,-,-,-,-,-,-,-,-,-,-,-,-,-,-,-,-,-,-,-,-,-,-,-,-,-,-,-,-,-,-,-,-,-,-,-53.421,-9.78,0,0,113.18,0,0.89,0,0.34,2.09,1.68,1.1,0.27,0.64,0.95,0.94,0.57,0.63,0.87,0.5,0.64,0.08,0.12,0.86,0.69,0.58,0.7,0.86,3.97,1.26,1.85,1.79,1.22,1.73,1.11,-2.06,-3.52,0.73,1.68
EPS (Diluted),-,-,-,-,-,-,-,-,-,-,-,-,-,-,-,-,-,-,-,-,-,-,-,-,-,-,-,-,-,-,-,-,-,-,-,-,-,-,-,-,-,-,-,-,-,-,-,-,-,-,-,-,-,-,-,-,-,-,-,-,-,-,-,-,-,-,-,-,-,-,-,-,-,-,-,-,-,-,-,-,-,-53.421,-9.78,0,0,113.18,0,0.85,0,0.34,1.77,1.54,1.03,0.27,0.6,0.9,0.89,0.54,0.58,0.75,0.45,0.56,0.06,0.11,0.81,0.66,0.56,0.67,0.84,3.84,1.24,1.81,1.76,1.19,1.7,1.09,-2.06,-3.52,0.72,1.66
Shares Outstanding (Diluted Average),-,-,-,-,-,-,-,-,-,-,-,-,-,-,-,-,-,-,-,-,-,-,-,-,-,-,-,-,-,-,-,-,-,-,-,-,-,-,-,-,-,-,-,-,-,-,-,-,-,-,-,-,-,-,-,-,-,-,-,-,-,-,-,-,-,-,-,-,-,-,-,-,-,-,-,-,-,-,-,-,-,579,611,611,611,"1,588.00","1,588.00",522,"1,500.00","1,500.14","1,817.00","1,654.00","1,682.00","1,668.00","1,692.00","1,671.00","1,663.00","1,675.00","1,507.00","1,677.00","1,681.00","1,688.00","1,691.00","1,688.00","1,691.00","1,678.00","1,686.00","1,660.00","1,618.00","1,595.00","1,580.00","1,581.00","1,574.00","1,546.00","1,532.00","1,519.00","1,472.00","1,447.00","1,430.00","1,431.00"
"Depreciation, Depletion and Amortization",-,-,-,-,-,-,-,-,-,-,-,-,-,-,-,-,-,-,-,-,-,-,-,-,-,-,-,-,-,-,-,-,-,-,-,-,-,-,-,-,-,-,-,-,-,-,-,-,-,-,-,-,-,-,-,-,-,-,-,-,-,-,-,-,-,-,-,-,-,-,-,-,-,-,-,-,-,-,-,-,-,0,0,0,0,0,0,0,0,0,0,0,0,0,0,0,0,0,0,0,0,0,0,0,0,0,"1,757.00","2,170.00","1,981.00","1,579.00","2,292.00","2,299.00","2,534.00","2,694.00","2,743.00","3,194.00","3,147.00","3,177.00","3,581.00","3,129.00"
EBITDA,-,-,-,-,-,-,-,-,-,-,-,-,-,-,-,-,-,-,-,-,-,-,-,-,-,-,-,-,-,-,-,-,-,-,-,-,-,-,-,-,-,-,-,-,-,-,-,-,-,-,-,-,-,-,-,-,-,-,-,-,-,-,-,-,-,-,-,-,-,-,-,-,-,-,-,-,-,-,-,-,-,0,"-4,831.00","-10,305.00","127,791.00","-4,040.00","1,639.00","1,812.00","2,110.00","1,274.00","1,553.00","2,749.00","1,923.00","3,492.00","1,253.00","1,960.00","1,921.00","-33,340.00","1,685.00","2,191.00","2,612.00","1,304.00",159,133,"1,965.00","2,392.00","3,304.00","3,995.00","3,599.00","5,383.00","4,909.00","6,064.00","6,288.00","5,042.00","6,363.00","6,293.00","5,728.00","6,315.00","5,307.00","6,173.00"
  Cash And Cash Equivalents,-,-,-,-,-,-,-,-,-,-,-,-,-,-,-,-,-,-,-,-,-,-,-,-,-,-,-,-,-,-,-,-,-,-,-,-,-,-,-,-,-,-,-,-,-,-,-,-,-,-,-,-,-,-,-,-,-,-,-,-,-,-,-,-,-,-,-,-,-,-,-,-,-,-,-,-,-,-,-,-,-,"14,053.00",0,0,0,"22,679.00","23,310.00","26,773.00","27,466.00","21,061.00","20,975.00","20,471.00","20,297.00","16,071.00","17,378.00","22,184.00","23,320.00","18,422.00","20,643.00","19,697.00","20,355.00","20,021.00","19,426.00","19,864.00","18,060.00","18,954.00","15,776.00","17,627.00","15,433.00","15,238.00","14,894.00","18,923.00","15,932.00","12,574.00","12,864.00","16,598.00","12,792.00","15,512.00","14,256.00","15,087.00"
  Marketable Securities,-,-,-,-,-,-,-,-,-,-,-,-,-,-,-,-,-,-,-,-,-,-,-,-,-,-,-,-,-,-,-,-,-,-,-,-,-,-,-,-,-,-,-,-,-,-,-,-,-,-,-,-,-,-,-,-,-,-,-,-,-,-,-,-,-,-,-,-,-,-,-,-,-,-,-,-,-,-,-,-,-,141,0,0,0,134,153,"4,761.00","6,010.00","5,555.00","8,618.00","12,298.00","11,680.00","16,148.00","14,686.00","11,381.00","10,411.00","8,988.00","6,560.00","6,258.00","8,215.00","8,972.00","8,716.00","9,935.00","9,570.00","9,222.00","8,409.00","7,200.00","8,029.00","8,163.00","6,537.00","4,247.00","8,172.00","11,841.00","10,260.00","9,133.00","8,454.00","8,313.00","7,110.00","6,924.00"
"Cash, Cash Equivalents, Marketable Securities",-,-,-,-,-,-,-,-,-,-,-,-,-,-,-,-,-,-,-,-,-,-,-,-,-,-,-,-,-,-,-,-,-,-,-,-,-,-,-,-,-,-,-,-,-,-,-,-,-,-,-,-,-,-,-,-,-,-,-,-,-,-,-,-,-,-,-,-,-,-,-,-,-,-,-,-,-,-,-,-,-,"14,194.00",0,0,0,"22,813.00","23,463.00","31,534.00","33,476.00","26,616.00","29,593.00","32,769.00","31,977.00","32,219.00","32,064.00","33,565.00","33,731.00","27,410.00","27,203.00","25,955.00","28,570.00","28,993.00","28,142.00","29,799.00","27,630.00","28,176.00","24,185.00","24,827.00","23,462.00","23,401.00","21,431.00","23,170.00","24,104.00","24,415.00","23,124.00","25,731.00","21,246.00","23,825.00","21,366.00","22,011.00"
  Accounts Receivable,-,-,-,-,-,-,-,-,-,-,-,-,-,-,-,-,-,-,-,-,-,-,-,-,-,-,-,-,-,-,-,-,-,-,-,-,-,-,-,-,-,-,-,-,-,-,-,-,-,-,-,-,-,-,-,-,-,-,-,-,-,-,-,-,-,-,-,-,-,-,-,-,-,-,-,-,-,-,-,-,-,"8,340.00",0,0,0,"7,518.00","8,694.00","8,934.00","9,004.00","8,699.00","13,326.00","12,152.00","10,844.00","13,215.00","16,189.00","18,278.00","17,063.00","14,439.00","16,845.00","21,984.00","22,077.00","22,813.00","26,789.00","27,277.00","26,552.00","25,606.00","27,696.00","27,536.00","27,703.00","26,388.00","28,213.00","30,261.00","31,232.00","24,827.00","34,801.00","29,092.00","29,412.00","28,685.00","31,926.00","31,668.00"
  Notes Receivable,-,-,-,-,-,-,-,-,-,-,-,-,-,-,-,-,-,-,-,-,-,-,-,-,-,-,-,-,-,-,-,-,-,-,-,-,-,-,-,-,-,-,-,-,-,-,-,-,-,-,-,-,-,-,-,-,-,-,-,-,-,-,-,-,-,-,-,-,-,-,-,-,-,-,-,-,-,-,-,-,-,0,0,0,0,0,0,0,0,0,0,0,0,0,0,0,0,0,0,0,0,0,0,0,0,0,0,0,0,0,0,0,0,0,0,0,0,0,0,0
  Other Current Receivables,-,-,-,-,-,-,-,-,-,-,-,-,-,-,-,-,-,-,-,-,-,-,-,-,-,-,-,-,-,-,-,-,-,-,-,-,-,-,-,-,-,-,-,-,-,-,-,-,-,-,-,-,-,-,-,-,-,-,-,-,-,-,-,-,-,-,-,-,-,-,-,-,-,-,-,-,-,-,-,-,-,-422,0,0,0,0,0,-272,-279,0,-336,-363,-332,0,-390,"-3,683.00",-304,0,0,0,0,0,0,0,0,0,0,0,0,0,0,0,0,0,0,0,0,0,0,0
Total Receivables,-,-,-,-,-,-,-,-,-,-,-,-,-,-,-,-,-,-,-,-,-,-,-,-,-,-,-,-,-,-,-,-,-,-,-,-,-,-,-,-,-,-,-,-,-,-,-,-,-,-,-,-,-,-,-,-,-,-,-,-,-,-,-,-,-,-,-,-,-,-,-,-,-,-,-,-,-,-,-,-,-,"7,918.00",0,0,0,"7,518.00","8,694.00","8,662.00","8,725.00","8,699.00","12,990.00","11,789.00","10,512.00","13,215.00","15,799.00","14,595.00","16,759.00","14,439.00","16,845.00","21,984.00","22,077.00","22,813.00","26,789.00","27,277.00","26,552.00","25,606.00","27,696.00","27,536.00","27,703.00","26,388.00","28,213.00","30,261.00","31,232.00","24,827.00","34,801.00","29,092.00","29,412.00","28,685.00","31,926.00","31,668.00"
"  Inventories, Raw Materials & Components",-,-,-,-,-,-,-,-,-,-,-,-,-,-,-,-,-,-,-,-,-,-,-,-,-,-,-,-,-,-,-,-,-,-,-,-,-,-,-,-,-,-,-,-,-,-,-,-,-,-,-,-,-,-,-,-,-,-,-,-,-,-,-,-,-,-,-,-,-,-,-,-,-,-,-,-,-,-,-,-,-,"4,849.00",0,0,0,0,"4,761.00","5,199.00","5,736.00",0,"6,367.00","6,328.00","6,744.00","6,486.00","6,745.00","7,112.00","7,241.00","6,560.00","6,923.00","6,326.00","6,718.00","5,872.00","6,442.00","6,165.00","6,172.00","5,380.00","5,879.00","5,563.00","5,807.00","5,147.00","6,134.00","6,297.00","6,309.00","5,008.00","6,014.00","5,107.00","4,956.00","4,203.00","4,736.00","4,267.00"
"  Inventories, Work In Process",-,-,-,-,-,-,-,-,-,-,-,-,-,-,-,-,-,-,-,-,-,-,-,-,-,-,-,-,-,-,-,-,-,-,-,-,-,-,-,-,-,-,-,-,-,-,-,-,-,-,-,-,-,-,-,-,-,-,-,-,-,-,-,-,-,-,-,-,-,-,-,-,-,-,-,-,-,-,-,-,-,0,0,0,0,"4,201.00",0,0,0,"5,487.00",0,0,0,0,0,0,0,0,0,0,0,0,0,0,0,0,0,0,0,0,0,0,0,0,0,0,0,0,0,0
"  Inventories, Inventories Adjustments",-,-,-,-,-,-,-,-,-,-,-,-,-,-,-,-,-,-,-,-,-,-,-,-,-,-,-,-,-,-,-,-,-,-,-,-,-,-,-,-,-,-,-,-,-,-,-,-,-,-,-,-,-,-,-,-,-,-,-,-,-,-,-,-,-,-,-,-,-,-,-,-,-,-,-,-,-,-,-,-,-,"-1,233.00",0,0,0,0,0,0,0,0,0,0,0,0,0,0,0,0,0,0,0,0,0,0,0,0,0,0,0,0,0,0,0,0,0,0,0,0,0,0
"  Inventories, Finished Goods",-,-,-,-,-,-,-,-,-,-,-,-,-,-,-,-,-,-,-,-,-,-,-,-,-,-,-,-,-,-,-,-,-,-,-,-,-,-,-,-,-,-,-,-,-,-,-,-,-,-,-,-,-,-,-,-,-,-,-,-,-,-,-,-,-,-,-,-,-,-,-,-,-,-,-,-,-,-,-,-,-,"9,579.00",0,0,0,"5,906.00","6,431.00","6,334.00","7,308.00","6,638.00","7,624.00","7,777.00","8,476.00","7,838.00","9,099.00","8,321.00","8,431.00","8,154.00","8,277.00","8,451.00","8,639.00","8,167.00","8,395.00","9,035.00","9,038.00","8,262.00","8,172.00","8,655.00","8,561.00","8,617.00","9,683.00","8,729.00","9,118.00","6,032.00","8,672.00","6,182.00","6,833.00","6,460.00","6,725.00","6,566.00"
"  Inventories, Other",-,-,-,-,-,-,-,-,-,-,-,-,-,-,-,-,-,-,-,-,-,-,-,-,-,-,-,-,-,-,-,-,-,-,-,-,-,-,-,-,-,-,-,-,-,-,-,-,-,-,-,-,-,-,-,-,-,-,-,-,-,-,-,-,-,-,-,-,-,-,-,-,-,-,-,-,-,-,-,-,-,0,0,0,0,0,0,0,0,0,0,0,0,0,0,0,0,0,0,0,0,0,0,0,0,0,0,0,0,0,0,0,0,0,0,0,0,0,0,0
Total Inventories,-,-,-,-,-,-,-,-,-,-,-,-,-,-,-,-,-,-,-,-,-,-,-,-,-,-,-,-,-,-,-,-,-,-,-,-,-,-,-,-,-,-,-,-,-,-,-,-,-,-,-,-,-,-,-,-,-,-,-,-,-,-,-,-,-,-,-,-,-,-,-,-,-,-,-,-,-,-,-,-,-,"13,195.00",0,0,0,"10,107.00","11,192.00","11,533.00","13,044.00","12,125.00","13,991.00","14,105.00","15,220.00","14,324.00","15,844.00","15,433.00","15,672.00","14,714.00","15,200.00","14,777.00","15,357.00","14,039.00","14,837.00","15,200.00","15,210.00","13,642.00","14,051.00","14,218.00","14,368.00","13,764.00","15,817.00","15,026.00","15,427.00","11,040.00","14,686.00","11,289.00","11,789.00","10,663.00","11,461.00","10,833.00"
Other Current Assets,-,-,-,-,-,-,-,-,-,-,-,-,-,-,-,-,-,-,-,-,-,-,-,-,-,-,-,-,-,-,-,-,-,-,-,-,-,-,-,-,-,-,-,-,-,-,-,-,-,-,-,-,-,-,-,-,-,-,-,-,-,-,-,-,-,-,-,-,-,-,-,-,-,-,-,-,-,-,-,-,-,"8,960.00",0,0,0,"18,809.00","17,008.00","6,078.00","6,339.00","5,613.00","6,375.00","7,321.00","6,301.00","5,165.00","5,509.00","6,640.00","5,945.00","13,433.00","13,322.00","15,029.00","15,160.00","15,656.00","17,057.00","19,367.00","17,248.00","16,202.00","17,299.00","17,973.00","16,808.00","5,855.00","5,573.00","6,173.00","5,733.00","15,921.00","6,987.00","18,969.00","14,171.00","5,571.00","6,682.00","5,939.00"
Total Current Assets,-,-,-,-,-,-,-,-,-,-,-,-,-,-,-,-,-,-,-,-,-,-,-,-,-,-,-,-,-,-,-,-,-,-,-,-,-,-,-,-,-,-,-,-,-,-,-,-,-,-,-,-,-,-,-,-,-,-,-,-,-,-,-,-,-,-,-,-,-,-,-,-,-,-,-,-,-,-,-,-,-,"44,267.00",0,0,0,"59,247.00","60,357.00","57,807.00","61,584.00","53,053.00","62,949.00","65,984.00","64,010.00","64,923.00","69,216.00","70,233.00","72,107.00","69,996.00","72,570.00","77,745.00","81,164.00","81,501.00","86,825.00","91,643.00","86,640.00","83,626.00","83,231.00","84,554.00","82,341.00","69,408.00","71,034.00","74,630.00","76,496.00","76,203.00","79,598.00","85,081.00","76,618.00","68,744.00","71,435.00","70,451.00"
Investments And Advances,-,-,-,-,-,-,-,-,-,-,-,-,-,-,-,-,-,-,-,-,-,-,-,-,-,-,-,-,-,-,-,-,-,-,-,-,-,-,-,-,-,-,-,-,-,-,-,-,-,-,-,-,-,-,-,-,-,-,-,-,-,-,-,-,-,-,-,-,-,-,-,-,-,-,-,-,-,-,-,-,-,"4,063.00",0,0,0,"7,936.00","8,430.00","8,296.00","8,691.00","8,529.00","6,937.00","7,160.00","7,534.00","6,790.00","6,793.00","7,058.00","7,519.00","6,883.00","7,470.00","7,463.00","7,897.00","8,094.00","8,747.00","7,485.00","7,983.00","8,350.00","9,756.00","8,403.00","8,872.00","9,201.00","9,640.00","8,198.00","8,645.00","8,996.00","9,416.00","8,248.00","8,820.00","9,073.00","9,883.00","8,788.00"
  Land And Improvements,-,-,-,-,-,-,-,-,-,-,-,-,-,-,-,-,-,-,-,-,-,-,-,-,-,-,-,-,-,-,-,-,-,-,-,-,-,-,-,-,-,-,-,-,-,-,-,-,-,-,-,-,-,-,-,-,-,-,-,-,-,-,-,-,-,-,-,-,-,-,-,-,-,-,-,-,-,-,-,-,-,"1,162.00",0,0,0,"2,602.00",0,0,0,"2,536.00",0,0,0,"2,502.00",0,0,0,"2,107.00",0,0,0,"1,868.00",0,0,0,"1,695.00",0,0,0,"1,636.00",0,0,0,"1,587.00",0,0,0,"1,647.00",0,0
  Buildings And Improvements,-,-,-,-,-,-,-,-,-,-,-,-,-,-,-,-,-,-,-,-,-,-,-,-,-,-,-,-,-,-,-,-,-,-,-,-,-,-,-,-,-,-,-,-,-,-,-,-,-,-,-,-,-,-,-,-,-,-,-,-,-,-,-,-,-,-,-,-,-,-,-,-,-,-,-,-,-,-,-,-,-,"18,974.00",0,0,0,"4,292.00",0,0,0,"4,324.00",0,0,0,"4,701.00",0,0,0,"4,601.00",0,0,0,"4,971.00",0,0,0,"5,236.00",0,0,0,"5,562.00",0,0,0,"6,217.00",0,0,0,"7,471.00",0,0
"  Machinery, Furniture, Equipment",-,-,-,-,-,-,-,-,-,-,-,-,-,-,-,-,-,-,-,-,-,-,-,-,-,-,-,-,-,-,-,-,-,-,-,-,-,-,-,-,-,-,-,-,-,-,-,-,-,-,-,-,-,-,-,-,-,-,-,-,-,-,-,-,-,-,-,-,-,-,-,-,-,-,-,-,-,-,-,-,-,"49,529.00",0,0,0,"6,686.00",0,0,0,"8,727.00",0,0,0,"10,670.00",0,0,0,"12,720.00",0,0,0,"15,222.00",0,0,0,"16,788.00",0,0,0,"19,338.00",0,0,0,"21,613.00",0,0,0,"23,915.00",0,0
  Construction In Progress,-,-,-,-,-,-,-,-,-,-,-,-,-,-,-,-,-,-,-,-,-,-,-,-,-,-,-,-,-,-,-,-,-,-,-,-,-,-,-,-,-,-,-,-,-,-,-,-,-,-,-,-,-,-,-,-,-,-,-,-,-,-,-,-,-,-,-,-,-,-,-,-,-,-,-,-,-,-,-,-,-,"2,938.00",0,0,0,"1,649.00",0,0,0,"1,754.00",0,0,0,"3,070.00",0,0,0,"3,018.00",0,0,0,"2,644.00",0,0,0,"4,114.00",0,0,0,"4,633.00",0,0,0,"4,493.00",0,0,0,"6,188.00",0,0
  Other Gross PPE,-,-,-,-,-,-,-,-,-,-,-,-,-,-,-,-,-,-,-,-,-,-,-,-,-,-,-,-,-,-,-,-,-,-,-,-,-,-,-,-,-,-,-,-,-,-,-,-,-,-,-,-,-,-,-,-,-,-,-,-,-,-,-,-,-,-,-,-,-,-,-,-,-,-,-,-,-,-,-,-,-,"10,774.00",0,0,0,"4,743.00","18,432.00","18,106.00","19,116.00","5,171.00","19,944.00","20,989.00","21,556.00","7,533.00","24,275.00","25,026.00","26,578.00","9,216.00","26,932.00","27,926.00","29,347.00","11,974.00","30,093.00","31,771.00","33,171.00","16,245.00","36,694.00","41,335.00","46,296.00","32,581.00","57,190.00","61,952.00","66,488.00","53,701.00","74,504.00","74,026.00","76,953.00","63,995.00","80,765.00","82,057.00"
"Gross Property, Plant and Equipment",-,-,-,-,-,-,-,-,-,-,-,-,-,-,-,-,-,-,-,-,-,-,-,-,-,-,-,-,-,-,-,-,-,-,-,-,-,-,-,-,-,-,-,-,-,-,-,-,-,-,-,-,-,-,-,-,-,-,-,-,-,-,-,-,-,-,-,-,-,-,-,-,-,-,-,-,-,-,-,-,-,"83,377.00",0,0,0,"19,972.00","18,432.00","18,106.00","19,116.00","22,512.00","19,944.00","20,989.00","21,556.00","28,476.00","24,275.00","25,026.00","26,578.00","31,662.00","26,932.00","27,926.00","29,347.00","36,679.00","30,093.00","31,771.00","33,171.00","44,078.00","36,694.00","41,335.00","46,296.00","63,750.00","57,190.00","61,952.00","66,488.00","87,611.00","74,504.00","74,026.00","76,953.00","103,216.00","80,765.00","82,057.00"
  Accumulated Depreciation,-,-,-,-,-,-,-,-,-,-,-,-,-,-,-,-,-,-,-,-,-,-,-,-,-,-,-,-,-,-,-,-,-,-,-,-,-,-,-,-,-,-,-,-,-,-,-,-,-,-,-,-,-,-,-,-,-,-,-,-,-,-,-,-,-,-,-,-,-,-,-,-,-,-,-,-,-,-,-,-,-,"-43,712.00",0,0,0,"-1,285.00",0,0,0,"-3,277.00",0,0,0,"-4,686.00",0,0,0,"-5,817.00",0,0,0,"-7,429.00",0,0,0,"-9,275.00",0,0,0,"-12,349.00",0,0,0,"-20,666.00",0,0,0,"-24,081.00",0,0
"Property, Plant and Equipment",-,-,-,-,-,-,-,-,-,-,-,-,-,-,-,-,-,-,-,-,-,-,-,-,-,-,-,-,-,-,-,-,-,-,-,-,-,-,-,-,-,-,-,-,-,-,-,-,-,-,-,-,-,-,-,-,-,-,-,-,-,-,-,-,-,-,-,-,-,-,-,-,-,-,-,-,-,-,-,-,-,"39,665.00",0,0,0,"18,687.00","18,432.00","18,106.00","19,116.00","19,235.00","19,944.00","20,989.00","21,556.00","23,790.00","24,275.00","25,026.00","26,578.00","25,845.00","26,932.00","27,926.00","29,347.00","29,250.00","30,093.00","31,771.00","33,171.00","34,803.00","36,694.00","41,335.00","46,296.00","51,401.00","57,190.00","61,952.00","66,488.00","66,945.00","74,504.00","74,026.00","76,953.00","79,135.00","80,765.00","82,057.00"
Intangible Assets,-,-,-,-,-,-,-,-,-,-,-,-,-,-,-,-,-,-,-,-,-,-,-,-,-,-,-,-,-,-,-,-,-,-,-,-,-,-,-,-,-,-,-,-,-,-,-,-,-,-,-,-,-,-,-,-,-,-,-,-,-,-,-,-,-,-,-,-,-,-,-,-,-,-,-,-,-,-,-,-,-,265,0,0,0,"45,219.00","44,177.00","43,006.00","43,010.00","43,660.00","41,505.00","41,129.00","40,381.00","39,033.00","38,120.00","37,597.00","37,312.00","8,782.00","8,965.00","8,591.00","8,317.00","7,228.00","7,005.00","6,793.00","6,644.00","6,410.00","6,297.00","6,181.00","6,083.00","5,947.00","5,891.00","6,433.00","6,354.00","6,149.00","6,193.00","5,989.00","5,854.00","5,849.00","5,790.00","5,720.00"
  Goodwill,-,-,-,-,-,-,-,-,-,-,-,-,-,-,-,-,-,-,-,-,-,-,-,-,-,-,-,-,-,-,-,-,-,-,-,-,-,-,-,-,-,-,-,-,-,-,-,-,-,-,-,-,-,-,-,-,-,-,-,-,-,-,-,-,-,-,-,-,-,-,-,-,-,-,-,-,-,-,-,-,-,0,0,0,0,"30,672.00","30,487.00","30,186.00","30,556.00","31,778.00","30,017.00","30,046.00","29,883.00","29,019.00","28,433.00","28,405.00","28,408.00","1,973.00","1,968.00","1,993.00","1,953.00","1,560.00","1,563.00","1,573.00","1,559.00","1,427.00",0,0,0,"1,371.00",0,0,0,"1,856.00",0,0,0,"1,857.00",0,0
Other Long Term Assets,-,-,-,-,-,-,-,-,-,-,-,-,-,-,-,-,-,-,-,-,-,-,-,-,-,-,-,-,-,-,-,-,-,-,-,-,-,-,-,-,-,-,-,-,-,-,-,-,-,-,-,-,-,-,-,-,-,-,-,-,-,-,-,-,-,-,-,-,-,-,-,-,-,-,-,-,-,-,-,-,-,"2,779.00",0,0,0,"5,206.00","4,625.00","4,684.00","4,837.00","14,421.00","14,511.00","15,153.00","15,016.00","10,067.00","11,790.00","12,073.00","11,940.00","37,916.00","37,838.00","41,385.00","41,814.00","40,271.00","40,936.00","41,406.00","42,470.00","44,312.00","43,940.00","45,339.00","45,408.00","58,381.00","59,863.00","59,236.00","59,593.00","63,397.00","61,082.00","66,956.00","61,257.00","49,681.00","50,853.00","51,625.00"
Total Assets,-,-,-,-,-,-,-,-,-,-,-,-,-,-,-,-,-,-,-,-,-,-,-,-,-,-,-,-,-,-,-,-,-,-,-,-,-,-,-,-,-,-,-,-,-,-,-,-,-,-,-,-,-,-,-,-,-,-,-,-,-,-,-,-,-,-,-,-,-,-,-,-,-,-,-,-,-,-,-,-,-,"91,039.00",0,0,0,"136,295.00","136,021.00","131,899.00","137,238.00","138,898.00","145,846.00","150,415.00","148,497.00","144,603.00","150,194.00","151,987.00","155,456.00","149,422.00","153,775.00","163,110.00","168,539.00","166,344.00","173,606.00","179,098.00","176,908.00","177,501.00","179,918.00","185,812.00","189,000.00","194,338.00","203,618.00","210,449.00","217,576.00","221,690.00","230,793.00","240,300.00","229,502.00","212,482.00","218,726.00","218,641.00"
  Accounts Payable,-,-,-,-,-,-,-,-,-,-,-,-,-,-,-,-,-,-,-,-,-,-,-,-,-,-,-,-,-,-,-,-,-,-,-,-,-,-,-,-,-,-,-,-,-,-,-,-,-,-,-,-,-,-,-,-,-,-,-,-,-,-,-,-,-,-,-,-,-,-,-,-,-,-,-,-,-,-,-,-,-,"22,259.00",0,0,0,"18,725.00","20,450.00","20,755.00","22,137.00","21,497.00","24,739.00","25,412.00","25,646.00","24,551.00","27,576.00","26,425.00","26,313.00","25,166.00","27,117.00","26,820.00","27,242.00","23,621.00","27,715.00","26,992.00","24,773.00","22,529.00","25,187.00","24,247.00","25,188.00","24,062.00","26,766.00","26,959.00","28,628.00","23,333.00","28,725.00","23,404.00","23,265.00","23,929.00","26,039.00","24,660.00"
  Total Tax Payable,-,-,-,-,-,-,-,-,-,-,-,-,-,-,-,-,-,-,-,-,-,-,-,-,-,-,-,-,-,-,-,-,-,-,-,-,-,-,-,-,-,-,-,-,-,-,-,-,-,-,-,-,-,-,-,-,-,-,-,-,-,-,-,-,-,-,-,-,-,-,-,-,-,-,-,-,-,-,-,-,-,0,0,0,0,0,0,0,0,0,0,0,0,0,0,0,0,0,0,0,0,0,0,0,0,0,0,0,0,0,0,0,0,0,0,0,0,0,0,0
  Other Current Payables,-,-,-,-,-,-,-,-,-,-,-,-,-,-,-,-,-,-,-,-,-,-,-,-,-,-,-,-,-,-,-,-,-,-,-,-,-,-,-,-,-,-,-,-,-,-,-,-,-,-,-,-,-,-,-,-,-,-,-,-,-,-,-,-,-,-,-,-,-,-,-,-,-,-,-,-,-,-,-,-,-,0,0,0,0,0,0,0,0,0,0,0,0,0,0,0,0,0,0,0,0,0,0,0,0,0,0,0,0,0,0,0,0,0,0,0,0,0,0,0
  Current Accrued Expense,-,-,-,-,-,-,-,-,-,-,-,-,-,-,-,-,-,-,-,-,-,-,-,-,-,-,-,-,-,-,-,-,-,-,-,-,-,-,-,-,-,-,-,-,-,-,-,-,-,-,-,-,-,-,-,-,-,-,-,-,-,-,-,-,-,-,-,-,-,-,-,-,-,-,-,-,-,-,-,-,-,"32,427.00",0,0,0,"22,288.00","22,755.00","24,068.00","24,811.00","23,419.00","25,200.00","26,409.00","24,559.00","21,738.00","23,651.00","25,134.00","25,032.00","21,982.00","22,450.00","23,240.00","23,882.00","23,357.00","26,658.00","29,552.00","29,170.00","26,562.00","27,804.00","30,878.00","30,549.00","25,366.00","26,633.00","27,854.00","28,533.00","23,198.00","28,478.00","26,601.00","26,603.00","22,596.00","27,330.00","27,368.00"
Accounts Payable & Accrued Expense,-,-,-,-,-,-,-,-,-,-,-,-,-,-,-,-,-,-,-,-,-,-,-,-,-,-,-,-,-,-,-,-,-,-,-,-,-,-,-,-,-,-,-,-,-,-,-,-,-,-,-,-,-,-,-,-,-,-,-,-,-,-,-,-,-,-,-,-,-,-,-,-,-,-,-,-,-,-,-,-,-,"54,686.00",0,0,0,"41,013.00","43,205.00","44,823.00","46,948.00","44,916.00","49,939.00","51,821.00","50,205.00","46,289.00","51,227.00","51,559.00","51,345.00","47,148.00","49,567.00","50,060.00","51,124.00","46,978.00","54,373.00","56,544.00","53,943.00","49,091.00","52,991.00","55,125.00","55,737.00","49,428.00","53,399.00","54,813.00","57,161.00","46,531.00","57,203.00","50,005.00","49,868.00","46,525.00","53,369.00","52,028.00"
Current Portion of Long-Term Debt,-,-,-,-,-,-,-,-,-,-,-,-,-,-,-,-,-,-,-,-,-,-,-,-,-,-,-,-,-,-,-,-,-,-,-,-,-,-,-,-,-,-,-,-,-,-,-,-,-,-,-,-,-,-,-,-,-,-,-,-,-,-,-,-,-,-,-,-,-,-,-,-,-,-,-,-,-,-,-,-,-,"16,920.00",0,0,0,"10,221.00","8,773.00","5,524.00","5,621.00","1,616.00","1,743.00","2,027.00","1,543.00","5,488.00","5,350.00","5,092.00","6,278.00","5,518.00","6,972.00","9,961.00","11,439.00","14,158.00","14,849.00","15,803.00","13,386.00","14,944.00","14,351.00","14,403.00","17,002.00","19,562.00","21,588.00","21,230.00","25,374.00","23,797.00","33,701.00","30,008.00","25,607.00","26,965.00","29,347.00","28,264.00"
  Current Deferred Revenue,-,-,-,-,-,-,-,-,-,-,-,-,-,-,-,-,-,-,-,-,-,-,-,-,-,-,-,-,-,-,-,-,-,-,-,-,-,-,-,-,-,-,-,-,-,-,-,-,-,-,-,-,-,-,-,-,-,-,-,-,-,-,-,-,-,-,-,-,-,-,-,-,-,-,-,-,-,-,-,-,-,0,0,0,0,0,0,0,0,0,0,0,0,"1,137.00",0,0,0,"1,326.00",0,0,0,"1,276.00",0,0,0,"1,622.00",0,0,0,"2,227.00",0,0,0,"2,695.00",0,0,0,"3,400.00",0,0
  Current Deferred Taxes Liabilities,-,-,-,-,-,-,-,-,-,-,-,-,-,-,-,-,-,-,-,-,-,-,-,-,-,-,-,-,-,-,-,-,-,-,-,-,-,-,-,-,-,-,-,-,-,-,-,-,-,-,-,-,-,-,-,-,-,-,-,-,-,-,-,-,-,-,-,-,-,-,-,-,-,-,-,-,-,-,-,-,-,0,0,0,0,0,0,0,0,0,0,0,0,0,0,0,0,0,0,0,0,0,0,0,0,0,0,0,0,0,0,0,0,0,0,0,0,0,0,0
DeferredTaxAndRevenue,-,-,-,-,-,-,-,-,-,-,-,-,-,-,-,-,-,-,-,-,-,-,-,-,-,-,-,-,-,-,-,-,-,-,-,-,-,-,-,-,-,-,-,-,-,-,-,-,-,-,-,-,-,-,-,-,-,-,-,-,-,-,-,-,-,-,-,-,-,-,-,-,-,-,-,-,-,-,-,-,-,0,0,0,0,0,0,0,0,0,0,0,0,"1,137.00",0,0,0,"1,326.00",0,0,0,"1,276.00",0,0,0,"1,622.00",0,0,0,"2,227.00",0,0,0,"2,695.00",0,0,0,"3,400.00",0,0
Other Current Liabilities,-,-,-,-,-,-,-,-,-,-,-,-,-,-,-,-,-,-,-,-,-,-,-,-,-,-,-,-,-,-,-,-,-,-,-,-,-,-,-,-,-,-,-,-,-,-,-,-,-,-,-,-,-,-,-,-,-,-,-,-,-,-,-,-,-,-,-,-,-,-,-,-,-,-,-,-,-,-,-,-,-,"4,002.00",0,0,0,"1,201.00",60,0,0,625,0,0,0,312,0,0,0,0,0,0,0,0,0,0,0,0,0,0,0,0,0,0,0,"12,158.00",0,"14,293.00","6,374.00",0,0,0
Total Current Liabilities,-,-,-,-,-,-,-,-,-,-,-,-,-,-,-,-,-,-,-,-,-,-,-,-,-,-,-,-,-,-,-,-,-,-,-,-,-,-,-,-,-,-,-,-,-,-,-,-,-,-,-,-,-,-,-,-,-,-,-,-,-,-,-,-,-,-,-,-,-,-,-,-,-,-,-,-,-,-,-,-,-,"75,608.00",0,0,0,"52,435.00","52,038.00","50,347.00","52,569.00","47,157.00","51,682.00","53,848.00","51,748.00","53,226.00","56,577.00","56,651.00","57,623.00","53,992.00","56,539.00","60,021.00","62,563.00","62,412.00","69,222.00","72,347.00","67,329.00","65,657.00","67,342.00","69,528.00","72,739.00","71,217.00","74,987.00","76,043.00","82,535.00","85,181.00","90,904.00","94,306.00","81,849.00","76,890.00","82,716.00","80,292.00"
  Long-Term Debt,-,-,-,-,-,-,-,-,-,-,-,-,-,-,-,-,-,-,-,-,-,-,-,-,-,-,-,-,-,-,-,-,-,-,-,-,-,-,-,-,-,-,-,-,-,-,-,-,-,-,-,-,-,-,-,-,-,-,-,-,-,-,-,-,-,-,-,-,-,-,-,-,-,-,-,-,-,-,-,-,-,"29,018.00",0,0,0,"5,562.00","5,401.00","2,637.00","2,945.00","9,142.00","10,741.00","9,994.00","10,122.00","6,514.00","8,874.00","9,701.00","10,375.00","10,532.00","11,452.00","16,787.00","20,684.00","22,025.00","22,918.00","24,273.00","27,719.00","31,721.00","33,907.00","39,114.00","40,401.00","43,549.00","49,561.00","54,090.00","53,726.00","51,326.00","57,200.00","59,081.00","67,066.00","67,254.00","69,471.00","69,995.00"
  Capital Lease Obligation,-,-,-,-,-,-,-,-,-,-,-,-,-,-,-,-,-,-,-,-,-,-,-,-,-,-,-,-,-,-,-,-,-,-,-,-,-,-,-,-,-,-,-,-,-,-,-,-,-,-,-,-,-,-,-,-,-,-,-,-,-,-,-,-,-,-,-,-,-,-,-,-,-,-,-,-,-,-,-,-,-,0,0,0,0,0,0,0,0,0,0,0,0,853,0,0,0,0,0,0,0,0,0,0,0,0,0,0,0,0,0,0,0,0,0,0,0,0,0,0
Long-Term Debt & Capital Lease Obligation,-,-,-,-,-,-,-,-,-,-,-,-,-,-,-,-,-,-,-,-,-,-,-,-,-,-,-,-,-,-,-,-,-,-,-,-,-,-,-,-,-,-,-,-,-,-,-,-,-,-,-,-,-,-,-,-,-,-,-,-,-,-,-,-,-,-,-,-,-,-,-,-,-,-,-,-,-,-,-,-,-,"29,018.00",0,0,0,"5,562.00","5,401.00","2,637.00","2,945.00","9,142.00","10,741.00","9,994.00","10,122.00","7,367.00","8,874.00","9,701.00","10,375.00","10,532.00","11,452.00","16,787.00","20,684.00","22,025.00","22,918.00","24,273.00","27,719.00","31,721.00","33,907.00","39,114.00","40,401.00","43,549.00","49,561.00","54,090.00","53,726.00","51,326.00","57,200.00","59,081.00","67,066.00","67,254.00","69,471.00","69,995.00"
PensionAndRetirementBenefit,-,-,-,-,-,-,-,-,-,-,-,-,-,-,-,-,-,-,-,-,-,-,-,-,-,-,-,-,-,-,-,-,-,-,-,-,-,-,-,-,-,-,-,-,-,-,-,-,-,-,-,-,-,-,-,-,-,-,-,-,-,-,-,-,-,-,-,-,-,-,-,-,-,-,-,-,-,-,-,-,-,"54,097.00",0,0,0,"35,794.00","35,286.00","34,639.00","37,686.00","31,188.00","31,056.00","30,768.00","27,526.00","34,965.00","31,849.00","31,290.00","32,072.00","37,606.00","34,021.00","33,826.00","33,885.00","27,788.00","24,985.00","24,894.00","23,926.00","32,325.00","28,295.00","28,252.00","27,577.00","28,325.00","24,965.00","23,614.00","23,216.00","22,723.00","23,407.00","20,527.00","19,877.00","20,998.00","19,136.00","17,842.00"
NonCurrent Deferred Liabilities,-,-,-,-,-,-,-,-,-,-,-,-,-,-,-,-,-,-,-,-,-,-,-,-,-,-,-,-,-,-,-,-,-,-,-,-,-,-,-,-,-,-,-,-,-,-,-,-,-,-,-,-,-,-,-,-,-,-,-,-,-,-,-,-,-,-,-,-,-,-,-,-,-,-,-,-,-,-,-,-,-,"17,392.00",0,0,0,"13,279.00","13,245.00","13,377.00","13,322.00","13,021.00","12,851.00","12,887.00","12,684.00","1,300.00","12,754.00","12,735.00","12,757.00","1,169.00","13,428.00","13,472.00","14,046.00","1,249.00","13,641.00","14,999.00","14,371.00","1,556.00","13,551.00","13,248.00","13,148.00","2,007.00","12,780.00","12,699.00","13,084.00","2,285.00","13,068.00","12,438.00","12,743.00","2,887.00","11,945.00","11,876.00"
Other Long-Term Liabilities,-,-,-,-,-,-,-,-,-,-,-,-,-,-,-,-,-,-,-,-,-,-,-,-,-,-,-,-,-,-,-,-,-,-,-,-,-,-,-,-,-,-,-,-,-,-,-,-,-,-,-,-,-,-,-,-,-,-,-,-,-,-,-,-,-,-,-,-,-,-,-,-,-,-,-,-,-,-,-,-,-,0,0,0,0,"7,268.00","6,998.00","6,998.00","6,998.00","1,231.00",430,886,801,"8,754.00",0,0,0,"9,123.00",0,0,0,"9,696.00",0,0,0,"10,218.00",0,0,0,"8,917.00",0,0,0,"16,100.00",0,"8,223.00","4,490.00","8,253.00",0,0
Total Liabilities,-,-,-,-,-,-,-,-,-,-,-,-,-,-,-,-,-,-,-,-,-,-,-,-,-,-,-,-,-,-,-,-,-,-,-,-,-,-,-,-,-,-,-,-,-,-,-,-,-,-,-,-,-,-,-,-,-,-,-,-,-,-,-,-,-,-,-,-,-,-,-,-,-,-,-,-,-,-,-,-,-,"176,115.00",0,0,0,"114,338.00","112,968.00","107,998.00","113,520.00","101,739.00","106,760.00","108,383.00","102,881.00","105,612.00","110,054.00","110,377.00","112,827.00","112,422.00","115,440.00","124,106.00","131,178.00","123,170.00","130,766.00","136,513.00","133,345.00","141,477.00","143,095.00","150,142.00","153,865.00","154,015.00","162,293.00","166,446.00","172,561.00","177,615.00","184,579.00","194,575.00","186,025.00","176,282.00","183,268.00","180,005.00"
Common Stock,-,-,-,-,-,-,-,-,-,-,-,-,-,-,-,-,-,-,-,-,-,-,-,-,-,-,-,-,-,-,-,-,-,-,-,-,-,-,-,-,-,-,-,-,-,-,-,-,-,-,-,-,-,-,-,-,-,-,-,-,-,-,-,-,-,-,-,-,-,-,-,-,-,-,-,-,-,-,-,-,-,"1,017.00",0,0,0,15,5,5,15,15,15,15,16,16,16,16,16,14,14,14,14,15,16,16,16,16,16,16,16,15,15,16,15,15,15,15,14,14,14,14
Preferred Stock,-,-,-,-,-,-,-,-,-,-,-,-,-,-,-,-,-,-,-,-,-,-,-,-,-,-,-,-,-,-,-,-,-,-,-,-,-,-,-,-,-,-,-,-,-,-,-,-,-,-,-,-,-,-,-,-,-,-,-,-,-,-,-,-,-,-,-,-,-,-,-,-,-,-,-,-,-,-,-,-,-,0,0,0,0,0,0,0,0,"10,391.00","10,391.00","10,391.00","10,391.00","10,391.00","10,391.00","10,391.00","10,391.00","10,391.00","10,391.00","10,391.00","7,964.00","3,109.00","3,109.00","3,109.00","3,109.00",0,0,0,0,0,0,0,0,0,0,0,0,0,0,0
Retained Earnings,-,-,-,-,-,-,-,-,-,-,-,-,-,-,-,-,-,-,-,-,-,-,-,-,-,-,-,-,-,-,-,-,-,-,-,-,-,-,-,-,-,-,-,-,-,-,-,-,-,-,-,-,-,-,-,-,-,-,-,-,-,-,-,-,-,-,-,-,-,-,-,-,-,-,-,-,-,-,-,-,-,"-70,727.00",0,0,0,"-4,394.00","-3,529.00","-2,195.00",-236,266,"1,951.00","4,729.00","6,595.00","7,183.00","8,283.00","9,889.00","11,533.00","10,057.00","11,017.00","12,191.00","12,903.00","13,816.00","13,457.00","13,162.00","13,975.00","14,577.00","14,825.00","14,512.00","14,912.00","20,285.00","21,508.00","23,785.00","25,417.00","26,168.00","28,195.00","28,547.00","24,230.00","17,627.00","17,028.00","18,873.00"
Accumulated other comprehensive income (loss),-,-,-,-,-,-,-,-,-,-,-,-,-,-,-,-,-,-,-,-,-,-,-,-,-,-,-,-,-,-,-,-,-,-,-,-,-,-,-,-,-,-,-,-,-,-,-,-,-,-,-,-,-,-,-,-,-,-,-,-,-,-,-,-,-,-,-,-,-,-,-,-,-,-,-,-,-,-,-,-,-,"-32,339.00",0,0,0,"1,588.00","1,713.00","1,153.00","-1,073.00","1,251.00","1,494.00","1,571.00","1,412.00","-5,861.00","-5,768.00","-5,995.00","-6,724.00","-8,052.00","-7,611.00","-8,040.00","-7,981.00","-3,113.00","-3,138.00","-3,133.00","-2,930.00","-8,073.00","-7,331.00","-7,543.00","-8,034.00","-8,036.00","-8,054.00","-7,905.00","-7,953.00","-9,330.00","-9,250.00","-9,369.00","-7,783.00","-8,011.00","-8,081.00","-8,171.00"
Additional Paid-In Capital,-,-,-,-,-,-,-,-,-,-,-,-,-,-,-,-,-,-,-,-,-,-,-,-,-,-,-,-,-,-,-,-,-,-,-,-,-,-,-,-,-,-,-,-,-,-,-,-,-,-,-,-,-,-,-,-,-,-,-,-,-,-,-,-,-,-,-,-,-,-,-,-,-,-,-,-,-,-,-,-,-,"16,489.00",0,0,0,"24,040.00","24,050.00","24,052.00","24,041.00","24,257.00","24,347.00","24,412.00","26,330.00","26,391.00","26,334.00","26,399.00","26,443.00","23,834.00","23,776.00","23,818.00","23,878.00","28,780.00","28,778.00","28,840.00","28,832.00","28,937.00","28,819.00","28,161.00","27,744.00","27,607.00","27,463.00","27,734.00","27,241.00","26,983.00","27,012.00","26,328.00","25,782.00","25,371.00","25,337.00","25,465.00"
Treasury Stock,-,-,-,-,-,-,-,-,-,-,-,-,-,-,-,-,-,-,-,-,-,-,-,-,-,-,-,-,-,-,-,-,-,-,-,-,-,-,-,-,-,-,-,-,-,-,-,-,-,-,-,-,-,-,-,-,-,-,-,-,-,-,-,-,-,-,-,-,-,-,-,-,-,-,-,-,-,-,-,-,-,0,0,0,0,0,0,0,0,0,0,0,0,0,0,0,0,0,0,0,0,0,0,0,0,0,0,0,0,0,0,0,0,0,0,0,0,0,0,0
Other Stockholders Equity,-,-,-,-,-,-,-,-,-,-,-,-,-,-,-,-,-,-,-,-,-,-,-,-,-,-,-,-,-,-,-,-,-,-,-,-,-,-,-,-,-,-,-,-,-,-,-,-,-,-,-,-,-,-,-,-,-,-,-,-,-,-,-,-,-,-,-,-,-,-,-,-,-,-,-,-,-,-,-,-,-,0,0,0,0,0,0,0,0,0,0,0,0,0,0,0,0,0,0,0,0,0,0,0,0,0,0,0,0,0,0,0,0,0,0,0,0,0,0,0
Total Stockholders Equity,-,-,-,-,-,-,-,-,-,-,-,-,-,-,-,-,-,-,-,-,-,-,-,-,-,-,-,-,-,-,-,-,-,-,-,-,-,-,-,-,-,-,-,-,-,-,-,-,-,-,-,-,-,-,-,-,-,-,-,-,-,-,-,-,-,-,-,-,-,-,-,-,-,-,-,-,-,-,-,-,-,"-85,560.00",0,0,0,"21,249.00","22,239.00","23,015.00","22,747.00","36,180.00","38,198.00","41,118.00","44,744.00","38,120.00","39,256.00","40,700.00","41,659.00","36,244.00","37,587.00","38,374.00","36,778.00","42,607.00","42,222.00","41,994.00","43,002.00","35,457.00","36,329.00","35,146.00","34,638.00","39,871.00","40,932.00","43,630.00","44,720.00","43,836.00","45,972.00","45,521.00","42,243.00","35,001.00","34,298.00","36,181.00"
Minority Interest,-,-,-,-,-,-,-,-,-,-,-,-,-,-,-,-,-,-,-,-,-,-,-,-,-,-,-,-,-,-,-,-,-,-,-,-,-,-,-,-,-,-,-,-,-,-,-,-,-,-,-,-,-,-,-,-,-,-,-,-,-,-,-,-,-,-,-,-,-,-,-,-,-,-,-,-,-,-,-,-,-,484,0,0,0,708,814,886,971,979,888,914,872,871,884,910,970,756,748,630,583,567,618,591,561,567,494,524,497,452,393,373,295,239,242,204,"1,234.00","1,199.00","1,160.00","2,455.00"
Total Equity,-,-,-,-,-,-,-,-,-,-,-,-,-,-,-,-,-,-,-,-,-,-,-,-,-,-,-,-,-,-,-,-,-,-,-,-,-,-,-,-,-,-,-,-,-,-,-,-,-,-,-,-,-,-,-,-,-,-,-,-,-,-,-,-,-,-,-,-,-,-,-,-,-,-,-,-,-,-,-,-,-,"-85,076.00",0,0,0,"21,957.00","23,053.00","23,901.00","23,718.00","37,159.00","39,086.00","42,032.00","45,616.00","38,991.00","40,140.00","41,610.00","42,629.00","37,000.00","38,335.00","39,004.00","37,361.00","43,174.00","42,840.00","42,585.00","43,563.00","36,024.00","36,823.00","35,670.00","35,135.00","40,323.00","41,325.00","44,003.00","45,015.00","44,075.00","46,214.00","45,725.00","43,477.00","36,200.00","35,458.00","38,636.00"
  Net Income,-,-,-,-,-,-,-,-,-,-,-,-,-,-,-,-,-,-,-,-,-,-,-,-,-,-,-,-,-,-,-,-,-,-,-,-,-,-,-,-,-,-,-,-,-,-,-,-,-,-,-,-,-,-,-,-,-,-,-,-,-,-,-,-,-,-,-,-,-,-,-,-,-,-,-,-,-,-,-,-,-,0,"-5,975.00","-12,905.00","127,140.00","-3,439.00","1,068.00","1,536.00","2,162.00","1,406.00","3,366.00","2,992.00","2,107.00",725,"1,315.00","1,846.00","1,833.00","1,194.00","1,175.00","1,414.00","1,717.00","1,040.00",213,278,"1,471.00","1,987.00",945,"1,117.00","1,359.00","6,266.00","1,953.00","2,866.00","2,773.00","1,835.00","2,608.00","1,660.00","-2,981.00","-5,151.00","1,046.00","2,390.00"
  Net Foreign Currency Exchange Gain,-,-,-,-,-,-,-,-,-,-,-,-,-,-,-,-,-,-,-,-,-,-,-,-,-,-,-,-,-,-,-,-,-,-,-,-,-,-,-,-,-,-,-,-,-,-,-,-,-,-,-,-,-,-,-,-,-,-,-,-,-,-,-,-,-,-,-,-,-,-,-,-,-,-,-,-,-,-,-,-,-,0,0,0,0,0,0,0,0,0,0,0,0,0,0,0,0,0,0,0,0,0,0,0,0,0,188,600,123,-105,162,-20,1,86,144,-39,-117,64,243,-137
Net Income From Continuing Operations,-,-,-,-,-,-,-,-,-,-,-,-,-,-,-,-,-,-,-,-,-,-,-,-,-,-,-,-,-,-,-,-,-,-,-,-,-,-,-,-,-,-,-,-,-,-,-,-,-,-,-,-,-,-,-,-,-,-,-,-,-,-,-,-,-,-,-,-,-,-,-,-,-,-,-,-,-,-,-,-,-,0,"-5,899.00","-13,237.00","127,568.00","-3,215.00","1,196.00","1,612.00","2,223.00","1,472.00","3,411.00","3,037.00","2,092.00",747,"1,350.00","1,901.00","1,854.00","1,031.00","1,185.00","1,388.00","1,705.00","1,053.00",280,287,"1,442.00","2,009.00",908,"1,140.00","1,341.00","6,201.00","1,931.00","2,736.00","2,707.00","1,895.00","2,686.00","2,433.00",114,"-4,903.00","1,110.00","2,366.00"
"Depreciation, Depletion and Amortization",-,-,-,-,-,-,-,-,-,-,-,-,-,-,-,-,-,-,-,-,-,-,-,-,-,-,-,-,-,-,-,-,-,-,-,-,-,-,-,-,-,-,-,-,-,-,-,-,-,-,-,-,-,-,-,-,-,-,-,-,-,-,-,-,-,-,-,-,-,-,-,-,-,-,-,-,-,-,-,-,-,0,0,0,0,0,0,0,0,0,0,0,0,0,0,0,0,0,0,0,0,0,0,0,0,0,"1,757.00","2,170.00","1,981.00","1,579.00","2,292.00","2,299.00","2,534.00","2,694.00","2,743.00","3,194.00","3,147.00","3,177.00","3,581.00","3,129.00"
  Change In Receivables,-,-,-,-,-,-,-,-,-,-,-,-,-,-,-,-,-,-,-,-,-,-,-,-,-,-,-,-,-,-,-,-,-,-,-,-,-,-,-,-,-,-,-,-,-,-,-,-,-,-,-,-,-,-,-,-,-,-,-,-,-,-,-,-,-,-,-,-,-,-,-,-,-,-,-,-,-,-,-,-,-,0,0,0,0,0,0,0,0,0,0,0,0,0,0,0,0,0,0,0,0,0,0,0,0,0,0,0,0,0,0,0,0,0,0,0,0,0,0,0
  Change In Inventory,-,-,-,-,-,-,-,-,-,-,-,-,-,-,-,-,-,-,-,-,-,-,-,-,-,-,-,-,-,-,-,-,-,-,-,-,-,-,-,-,-,-,-,-,-,-,-,-,-,-,-,-,-,-,-,-,-,-,-,-,-,-,-,-,-,-,-,-,-,-,-,-,-,-,-,-,-,-,-,-,-,0,0,0,0,0,0,0,0,0,0,0,0,0,0,0,0,0,0,0,0,0,0,0,0,0,0,0,0,0,0,0,0,0,0,0,0,0,0,0
  Change In Prepaid Assets,-,-,-,-,-,-,-,-,-,-,-,-,-,-,-,-,-,-,-,-,-,-,-,-,-,-,-,-,-,-,-,-,-,-,-,-,-,-,-,-,-,-,-,-,-,-,-,-,-,-,-,-,-,-,-,-,-,-,-,-,-,-,-,-,-,-,-,-,-,-,-,-,-,-,-,-,-,-,-,-,-,0,0,0,0,0,0,0,0,0,0,0,0,0,0,0,0,0,0,0,0,0,0,0,0,0,0,0,0,0,0,0,0,0,0,0,0,0,0,0
  Change In Payables And Accrued Expense,-,-,-,-,-,-,-,-,-,-,-,-,-,-,-,-,-,-,-,-,-,-,-,-,-,-,-,-,-,-,-,-,-,-,-,-,-,-,-,-,-,-,-,-,-,-,-,-,-,-,-,-,-,-,-,-,-,-,-,-,-,-,-,-,-,-,-,-,-,-,-,-,-,-,-,-,-,-,-,-,-,0,0,0,0,0,0,0,0,0,0,0,0,0,0,0,0,0,0,0,0,0,0,0,0,0,0,0,0,0,0,0,0,0,0,0,0,0,0,0
Change In Working Capital,-,-,-,-,-,-,-,-,-,-,-,-,-,-,-,-,-,-,-,-,-,-,-,-,-,-,-,-,-,-,-,-,-,-,-,-,-,-,-,-,-,-,-,-,-,-,-,-,-,-,-,-,-,-,-,-,-,-,-,-,-,-,-,-,-,-,-,-,-,-,-,-,-,-,-,-,-,-,-,-,-,0,0,0,0,0,0,0,0,0,0,0,0,0,0,0,0,0,0,0,0,0,0,0,0,0,"-1,968.00",971,551,-762,"-2,632.00",-414,"1,775.00","1,851.00","-3,674.00",-691,"-1,696.00","3,046.00","-3,503.00",-973
Change In DeferredTax,-,-,-,-,-,-,-,-,-,-,-,-,-,-,-,-,-,-,-,-,-,-,-,-,-,-,-,-,-,-,-,-,-,-,-,-,-,-,-,-,-,-,-,-,-,-,-,-,-,-,-,-,-,-,-,-,-,-,-,-,-,-,-,-,-,-,-,-,-,-,-,-,-,-,-,-,-,-,-,-,-,0,0,0,0,0,0,0,0,0,0,0,0,0,0,0,0,0,0,0,0,0,0,0,0,0,343,250,-99,"-2,540.00",731,706,757,34,"1,036.00",267,"2,214.00","7,363.00",365,221
Stock Based Compensation,-,-,-,-,-,-,-,-,-,-,-,-,-,-,-,-,-,-,-,-,-,-,-,-,-,-,-,-,-,-,-,-,-,-,-,-,-,-,-,-,-,-,-,-,-,-,-,-,-,-,-,-,-,-,-,-,-,-,-,-,-,-,-,-,-,-,-,-,-,-,-,-,-,-,-,-,-,-,-,-,-,0,0,0,0,0,0,0,0,0,0,0,0,0,0,0,0,0,0,0,0,0,0,0,0,0,0,0,0,0,0,0,0,0,0,0,0,0,0,0
Cash Flow from Discontinued Operations,-,-,-,-,-,-,-,-,-,-,-,-,-,-,-,-,-,-,-,-,-,-,-,-,-,-,-,-,-,-,-,-,-,-,-,-,-,-,-,-,-,-,-,-,-,-,-,-,-,-,-,-,-,-,-,-,-,-,-,-,-,-,-,-,-,-,-,-,-,-,-,-,-,-,-,-,-,-,-,-,-,0,0,0,0,0,0,0,0,0,0,0,0,0,0,0,0,0,0,0,0,0,0,0,0,0,0,0,0,0,0,0,0,0,0,0,0,0,0,0
Cash Flow from Others,-,-,-,-,-,-,-,-,-,-,-,-,-,-,-,-,-,-,-,-,-,-,-,-,-,-,-,-,-,-,-,-,-,-,-,-,-,-,-,-,-,-,-,-,-,-,-,-,-,-,-,-,-,-,-,-,-,-,-,-,-,-,-,-,-,-,-,-,-,-,-,-,-,-,-,-,-,-,-,-,-,0,"-3,491.00","7,541.00","-127,826.00","1,320.00",654,"2,233.00",401,"-3,011.00","-3,788.00","2,027.00",-55,695,"1,149.00","2,041.00","1,529.00",-250,-366,"3,505.00","2,155.00","2,005.00","1,696.00","3,543.00",-354,"1,158.00",-665,"1,255.00",-466,"-2,178.00","-2,430.00",800,"-1,203.00","-2,456.00",-750,315,-898,"-1,795.00","-1,105.00",362
Cash Flow from Operations,-,-,-,-,-,-,-,-,-,-,-,-,-,-,-,-,-,-,-,-,-,-,-,-,-,-,-,-,-,-,-,-,-,-,-,-,-,-,-,-,-,-,-,-,-,-,-,-,-,-,-,-,-,-,-,-,-,-,-,-,-,-,-,-,-,-,-,-,-,-,-,-,-,-,-,-,-,-,-,-,-,0,"-9,390.00","-5,696.00",-258,"-1,895.00","1,850.00","3,845.00","2,624.00","-1,539.00",-377,"5,064.00","2,037.00","1,442.00","2,499.00","3,942.00","3,383.00",781,819,"4,893.00","3,860.00","3,058.00","1,976.00","3,830.00","1,088.00","3,167.00",375,"5,786.00","3,308.00","2,300.00",-108,"6,127.00","6,570.00","4,018.00","2,041.00","5,518.00","2,881.00","6,888.00",448,"5,105.00"
"Purchase Of Property, Plant, Equipment",-,-,-,-,-,-,-,-,-,-,-,-,-,-,-,-,-,-,-,-,-,-,-,-,-,-,-,-,-,-,-,-,-,-,-,-,-,-,-,-,-,-,-,-,-,-,-,-,-,-,-,-,-,-,-,-,-,-,-,-,-,-,-,-,-,-,-,-,-,-,-,-,-,-,-,-,-,-,-,-,-,0,"-1,566.00","-1,568.00","-1,264.00",-981,-840,"-1,011.00","-1,261.00","-1,101.00","-1,642.00","-1,266.00","-1,741.00","-2,437.00","-2,298.00","-2,371.00","-2,172.00","-2,277.00","-2,418.00","-2,541.00","-2,554.00","-2,306.00","-2,379.00","-2,848.00","-3,031.00","-3,609.00","-3,936.00","-6,057.00","-6,367.00","-5,549.00","-7,396.00","-6,781.00","-6,884.00","-6,818.00","-6,457.00","-7,613.00","-7,092.00","-6,471.00","-6,768.00","-6,705.00"
"Sale Of Property, Plant, Equipment",-,-,-,-,-,-,-,-,-,-,-,-,-,-,-,-,-,-,-,-,-,-,-,-,-,-,-,-,-,-,-,-,-,-,-,-,-,-,-,-,-,-,-,-,-,-,-,-,-,-,-,-,-,-,-,-,-,-,-,-,-,-,-,-,-,-,-,-,-,-,-,-,-,-,-,-,-,-,-,-,-,0,295,0,0,0,134,164,39,9,16,11,12,8,8,12,16,23,37,47,58,75,123,141,131,138,185,283,194,433,481,608,710,755,"1,079.00","1,645.00","1,925.00","2,018.00","2,379.00","2,924.00"
Purchase Of Business,-,-,-,-,-,-,-,-,-,-,-,-,-,-,-,-,-,-,-,-,-,-,-,-,-,-,-,-,-,-,-,-,-,-,-,-,-,-,-,-,-,-,-,-,-,-,-,-,-,-,-,-,-,-,-,-,-,-,-,-,-,-,-,-,-,-,-,-,-,-,-,-,-,-,-,-,-,-,-,-,-,0,0,0,0,0,-153,-1,46,"-2,934.00",-1,-7,-17,-28,0,0,0,0,-82,"-2,110.00",16,-447,0,-50,-1,-2,"-1,051.00",123,0,1,-516,-283,-3,-2,0,0,0,0,0,0
Sale Of Business,-,-,-,-,-,-,-,-,-,-,-,-,-,-,-,-,-,-,-,-,-,-,-,-,-,-,-,-,-,-,-,-,-,-,-,-,-,-,-,-,-,-,-,-,-,-,-,-,-,-,-,-,-,-,-,-,-,-,-,-,-,-,-,-,-,-,-,-,-,-,-,-,-,-,-,-,-,-,-,-,-,0,0,0,0,0,0,0,0,0,"4,805.00",-27,32,11,56,1,-39,0,0,0,0,0,0,0,0,0,0,0,0,0,0,0,0,0,0,0,0,0,0,0
Purchase Of Investment,-,-,-,-,-,-,-,-,-,-,-,-,-,-,-,-,-,-,-,-,-,-,-,-,-,-,-,-,-,-,-,-,-,-,-,-,-,-,-,-,-,-,-,-,-,-,-,-,-,-,-,-,-,-,-,-,-,-,-,-,-,-,-,-,-,-,-,-,-,-,-,-,-,-,-,-,-,-,-,-,-,0,-960,-126,-65,791,-88,"-4,711.00","-4,972.00","-1,599.00","-8,579.00","-7,116.00","-4,954.00","-6,457.00","-4,566.00","-2,359.00","-1,760.00","-2,199.00","-2,337.00","-2,471.00","-2,653.00","-2,507.00","-1,193.00","-3,947.00","-2,489.00","-1,525.00","-2,156.00","-3,708.00","-2,032.00","-1,467.00","-1,877.00",-604,"-6,381.00","-6,582.00","-1,316.00",-833,"-2,350.00","-1,004.00",-914,-657
Sale Of Investment,-,-,-,-,-,-,-,-,-,-,-,-,-,-,-,-,-,-,-,-,-,-,-,-,-,-,-,-,-,-,-,-,-,-,-,-,-,-,-,-,-,-,-,-,-,-,-,-,-,-,-,-,-,-,-,-,-,-,-,-,-,-,-,-,-,-,-,-,-,-,-,-,-,-,-,-,-,-,-,-,-,0,82,103,0,209,76,87,"2,918.00","2,873.00","5,375.00","3,062.00","5,111.00","2,937.00","5,721.00","5,496.00","3,019.00","3,550.00","4,712.00","2,596.00",780,"2,016.00","1,387.00","2,792.00","2,759.00","1,817.00","2,853.00","4,935.00","1,138.00","1,295.00","3,563.00","2,587.00","2,786.00","2,807.00","2,914.00","1,958.00","3,029.00","1,106.00","2,062.00",824
Net Intangibles Purchase And Sale,-,-,-,-,-,-,-,-,-,-,-,-,-,-,-,-,-,-,-,-,-,-,-,-,-,-,-,-,-,-,-,-,-,-,-,-,-,-,-,-,-,-,-,-,-,-,-,-,-,-,-,-,-,-,-,-,-,-,-,-,-,-,-,-,-,-,-,-,-,-,-,-,-,-,-,-,-,-,-,-,-,0,0,0,0,0,0,0,0,0,0,0,0,0,0,0,0,0,0,0,0,0,0,0,0,0,0,0,0,0,0,0,0,0,0,0,0,0,0,0
Cash From Discontinued Investing Activities,-,-,-,-,-,-,-,-,-,-,-,-,-,-,-,-,-,-,-,-,-,-,-,-,-,-,-,-,-,-,-,-,-,-,-,-,-,-,-,-,-,-,-,-,-,-,-,-,-,-,-,-,-,-,-,-,-,-,-,-,-,-,-,-,-,-,-,-,-,-,-,-,-,-,-,-,-,-,-,-,-,0,0,0,0,0,0,0,0,0,0,0,0,0,0,0,0,0,0,0,0,0,0,0,0,0,0,0,0,0,0,0,0,0,-432,-356,"-3,184.00",472,166,0
Cash From Other Investing Activities,-,-,-,-,-,-,-,-,-,-,-,-,-,-,-,-,-,-,-,-,-,-,-,-,-,-,-,-,-,-,-,-,-,-,-,-,-,-,-,-,-,-,-,-,-,-,-,-,-,-,-,-,-,-,-,-,-,-,-,-,-,-,-,-,-,-,-,-,-,-,-,-,-,-,-,-,-,-,-,-,-,0,-166,377,"-16,622.00","2,483.00","1,322.00","11,431.00",966,-161,65,117,240,-270,-213,-312,"-2,520.00","1,679.00",-422,-812,-435,-604,-775,-851,"-1,194.00",-753,"-1,363.00","-1,431.00","-1,789.00","-2,244.00",-895,"-1,226.00","-1,888.00","-1,804.00","-2,593.00","-1,919.00","-1,166.00",-932,"-1,487.00","-1,864.00"
Cash Flow from Investing,-,-,-,-,-,-,-,-,-,-,-,-,-,-,-,-,-,-,-,-,-,-,-,-,-,-,-,-,-,-,-,-,-,-,-,-,-,-,-,-,-,-,-,-,-,-,-,-,-,-,-,-,-,-,-,-,-,-,-,-,-,-,-,-,-,-,-,-,-,-,-,-,-,-,-,-,-,-,-,-,-,0,"-2,315.00","-1,214.00","-17,951.00","2,502.00",451,"5,959.00","-2,264.00","-2,913.00",39,"-5,226.00","-1,317.00","-6,236.00","-1,292.00",467,"-3,456.00",776,-510,"-5,291.00","-4,788.00","-3,773.00","-2,837.00","-4,763.00","-3,825.00","-3,934.00","-5,468.00","-5,855.00","-8,856.00","-7,531.00","-6,640.00","-5,699.00","-11,660.00","-11,644.00","-6,805.00","-7,118.00","-8,838.00","-4,811.00","-4,562.00","-5,478.00"
Issuance of Stock,-,-,-,-,-,-,-,-,-,-,-,-,-,-,-,-,-,-,-,-,-,-,-,-,-,-,-,-,-,-,-,-,-,-,-,-,-,-,-,-,-,-,-,-,-,-,-,-,-,-,-,-,-,-,-,-,-,-,-,-,-,-,-,-,-,-,-,-,-,-,-,-,-,-,-,-,-,-,-,-,-,0,0,0,0,0,0,0,0,0,0,0,0,0,0,0,0,0,0,0,0,0,0,0,0,0,0,0,0,0,0,0,0,0,0,0,0,0,0,0
Repurchase of Stock,-,-,-,-,-,-,-,-,-,-,-,-,-,-,-,-,-,-,-,-,-,-,-,-,-,-,-,-,-,-,-,-,-,-,-,-,-,-,-,-,-,-,-,-,-,-,-,-,-,-,-,-,-,-,-,-,-,-,-,-,-,-,-,-,-,-,-,-,-,-,-,-,-,-,-,-,-,-,-,-,-,0,0,0,0,0,0,-6,0,0,-100,0,0,0,0,0,0,0,0,0,0,0,0,0,0,0,-300,"-1,699.00",-889,-632,-300,0,"-1,201.00",-999,0,"-1,496.00","-1,498.00","-1,498.00",-100,0
Net Issuance of Preferred Stock,-,-,-,-,-,-,-,-,-,-,-,-,-,-,-,-,-,-,-,-,-,-,-,-,-,-,-,-,-,-,-,-,-,-,-,-,-,-,-,-,-,-,-,-,-,-,-,-,-,-,-,-,-,-,-,-,-,-,-,-,-,-,-,-,-,-,-,-,-,-,-,-,-,-,-,-,-,-,-,-,-,0,0,0,0,0,0,0,0,0,0,0,0,0,0,0,0,0,0,0,0,0,0,0,0,0,0,0,0,0,0,0,0,0,0,0,0,0,0,0
Net Issuance of Debt,-,-,-,-,-,-,-,-,-,-,-,-,-,-,-,-,-,-,-,-,-,-,-,-,-,-,-,-,-,-,-,-,-,-,-,-,-,-,-,-,-,-,-,-,-,-,-,-,-,-,-,-,-,-,-,-,-,-,-,-,-,-,-,-,-,-,-,-,-,-,-,-,-,-,-,-,-,-,-,-,-,0,"9,377.00","19,862.00","26,339.00","-9,523.00","-1,535.00","-5,845.00",45,"-4,087.00",546,-34,-358,543,191,854,"1,397.00","-1,030.00","2,408.00",32,"4,983.00",583,"1,303.00","1,929.00","2,154.00","6,854.00","3,144.00","4,735.00","5,101.00","5,037.00","7,422.00","3,411.00","4,182.00","6,012.00","5,779.00","7,608.00","3,253.00","1,815.00","4,622.00",339
Cash Flow for Dividends,-,-,-,-,-,-,-,-,-,-,-,-,-,-,-,-,-,-,-,-,-,-,-,-,-,-,-,-,-,-,-,-,-,-,-,-,-,-,-,-,-,-,-,-,-,-,-,-,-,-,-,-,-,-,-,-,-,-,-,-,-,-,-,-,-,-,-,-,-,-,-,-,-,-,-,-,-,-,-,-,-,0,0,0,0,0,-203,-202,-203,-964,-221,-214,-214,-267,-217,-242,-220,-260,-218,-256,"-1,045.00",-168,-571,-622,-588,"-1,384.00",-488,-598,-592,-564,-588,-600,-594,-586,-573,-572,-556,-532,-566,-538
Other Financing,-,-,-,-,-,-,-,-,-,-,-,-,-,-,-,-,-,-,-,-,-,-,-,-,-,-,-,-,-,-,-,-,-,-,-,-,-,-,-,-,-,-,-,-,-,-,-,-,-,-,-,-,-,-,-,-,-,-,-,-,-,-,-,-,-,-,-,-,-,-,-,-,-,-,-,-,-,-,-,-,-,0,-63,"-7,451.00",-466,"6,499.00",0,-6,0,"3,230.00",-18,-39,-4,22,-2,-18,-20,"-5,174.00",-23,-90,"-2,472.00",-3,-14,-7,-224,"-3,155.00",3,-43,-30,"1,423.00",-107,789,-269,505,-159,"-1,543.00",-558,"-1,378.00",-187,"1,085.00"
Cash Flow from Financing,-,-,-,-,-,-,-,-,-,-,-,-,-,-,-,-,-,-,-,-,-,-,-,-,-,-,-,-,-,-,-,-,-,-,-,-,-,-,-,-,-,-,-,-,-,-,-,-,-,-,-,-,-,-,-,-,-,-,-,-,-,-,-,-,-,-,-,-,-,-,-,-,-,-,-,-,-,-,-,-,-,0,"9,314.00","12,411.00","25,873.00","-3,024.00","-1,738.00","-6,053.00",-158,"-1,821.00",207,-287,-576,298,-28,594,"1,157.00","-6,464.00","2,167.00",-314,"1,466.00",412,718,"1,300.00","1,342.00","2,315.00","2,359.00","2,395.00","3,590.00","5,264.00","6,427.00","3,600.00","2,118.00","4,932.00","5,047.00","5,493.00","2,139.00",-95,"3,769.00",886
Net Change in Cash,-,-,-,-,-,-,-,-,-,-,-,-,-,-,-,-,-,-,-,-,-,-,-,-,-,-,-,-,-,-,-,-,-,-,-,-,-,-,-,-,-,-,-,-,-,-,-,-,-,-,-,-,-,-,-,-,-,-,-,-,-,-,-,-,-,-,-,-,-,-,-,-,-,-,-,-,-,-,-,-,-,0,"-2,391.00","5,501.00","7,664.00","-2,417.00",563,"3,751.00",202,"-6,273.00",-131,-449,144,"-4,496.00","1,179.00","5,003.00","1,084.00","-4,907.00","2,476.00",-712,538,-303,-143,367,"-1,395.00","1,548.00","-2,734.00","2,326.00","-1,958.00",33,-321,"4,028.00","-2,972.00","-2,694.00",283,"3,893.00","-3,818.00","1,982.00",-345,513
Capital Expenditure,-,-,-,-,-,-,-,-,-,-,-,-,-,-,-,-,-,-,-,-,-,-,-,-,-,-,-,-,-,-,-,-,-,-,-,-,-,-,-,-,-,-,-,-,-,-,-,-,-,-,-,-,-,-,-,-,-,-,-,-,-,-,-,-,-,-,-,-,-,-,-,-,-,-,-,-,-,-,-,-,-,0,"-1,566.00","-1,568.00","-1,264.00",-981,-840,"-1,011.00","-1,261.00","-1,101.00","-1,642.00","-1,266.00","-1,741.00","-2,437.00","-2,298.00","-2,371.00","-2,172.00","-2,277.00","-2,418.00","-2,541.00","-2,554.00","-2,306.00","-2,379.00","-2,848.00","-3,031.00","-3,609.00","-3,936.00","-6,057.00","-6,367.00","-5,549.00","-7,396.00","-6,781.00","-6,884.00","-6,818.00","-6,457.00","-7,613.00","-7,092.00","-6,471.00","-6,768.00","-6,705.00"
Free Cash Flow,-,-,-,-,-,-,-,-,-,-,-,-,-,-,-,-,-,-,-,-,-,-,-,-,-,-,-,-,-,-,-,-,-,-,-,-,-,-,-,-,-,-,-,-,-,-,-,-,-,-,-,-,-,-,-,-,-,-,-,-,-,-,-,-,-,-,-,-,-,-,-,-,-,-,-,-,-,-,-,-,-,0,"-10,956.00","-7,264.00","-1,522.00","-2,876.00","1,010.00","2,834.00","1,363.00","-2,640.00","-2,019.00","3,798.00",296,-995,201,"1,571.00","1,211.00","-1,496.00","-1,599.00","2,352.00","1,306.00",752,-403,982,"-1,943.00",-442,"-3,561.00",-271,"-3,059.00","-3,249.00","-7,504.00",-654,-314,"-2,800.00","-4,416.00","-2,095.00","-4,211.00",417,"-6,320.00","-1,600.00"
PE Ratio,-,-,-,-,-,-,-,-,-,-,-,-,-,-,-,-,-,-,-,-,-,-,-,-,-,-,-,-,-,-,-,-,-,-,-,-,-,-,-,-,-,-,-,-,-,-,-,-,-,-,-,-,-,-,-,-,-,-,-,-,-,-,-,-,-,-,-,-,-,-,-,-,-,-,-,-,-,-,-,-,-,0,0,0,0,0,0,0,0,30.97,10.48,8.32,4.31,4.4,7.46,7.04,8.55,9.84,9.56,12.07,15.5,17.47,18.91,30.76,20.74,21.29,17.52,12.34,11,5.75,4.77,3.66,3.67,5.81,5.47,6.09,21.03,0,0,0
Price-to-Owner-Earnings,-,-,-,-,-,-,-,-,-,-,-,-,-,-,-,-,-,-,-,-,-,-,-,-,-,-,-,-,-,-,-,-,-,-,-,-,-,-,-,-,-,-,-,-,-,-,-,-,-,-,-,-,-,-,-,-,-,-,-,-,-,-,-,-,-,-,-,-,-,-,-,-,-,-,-,-,-,-,-,-,-,0,0,0,0,0,0,0,0,0,0,0,0,0,0,0,0,0,0,0,0,0,0,0,0,0,0,0,49.46,21.12,12.82,12.29,7.35,6.87,7.34,9.99,0,0,0,0
PB Ratio,-,-,-,-,-,-,-,-,-,-,-,-,-,-,-,-,-,-,-,-,-,-,-,-,-,-,-,-,-,-,-,-,-,-,-,-,-,-,-,-,-,-,-,-,-,-,-,-,-,-,-,-,-,-,-,-,-,-,-,-,-,-,-,-,-,-,-,-,-,-,-,-,-,-,-,-,-,-,-,-,-,0,0,0,0,0,0,0,0,2.14,1.74,1.54,0.92,1.14,1.39,1.02,1.14,1.52,1.43,1.67,1.75,1.55,1.41,1.49,1.28,1.58,1.65,1.5,1.39,1.28,1.15,1.04,1.07,1.19,1.15,1.15,1.34,1.64,1.48,1.54
Price-to-Tangible-Book,-,-,-,-,-,-,-,-,-,-,-,-,-,-,-,-,-,-,-,-,-,-,-,-,-,-,-,-,-,-,-,-,-,-,-,-,-,-,-,-,-,-,-,-,-,-,-,-,-,-,-,-,-,-,-,-,-,-,-,-,-,-,-,-,-,-,-,-,-,-,-,-,-,-,-,-,-,-,-,-,-,0,0,0,0,0,0,0,0,0,0,0,0,0,0,0,0,2.31,2.14,2.4,2.46,1.9,1.72,1.81,1.54,1.92,2,1.82,1.68,1.5,1.35,1.22,1.24,1.39,1.33,1.33,1.55,1.97,1.78,1.82
Price-to-Free-Cash-Flow,-,-,-,-,-,-,-,-,-,-,-,-,-,-,-,-,-,-,-,-,-,-,-,-,-,-,-,-,-,-,-,-,-,-,-,-,-,-,-,-,-,-,-,-,-,-,-,-,-,-,-,-,-,-,-,-,-,-,-,-,-,-,-,-,-,-,-,-,-,-,-,-,-,-,-,-,-,-,-,-,-,0,0,0,0,0,0,0,0,7.07,8.95,90.9,0,26.53,12.86,30.91,19.12,32.25,0,188.19,159.16,26.13,14.42,23.18,0,0,0,0,0,0,0,0,0,0,0,0,0,0,0,0
Price-to-Operating-Cash-Flow,-,-,-,-,-,-,-,-,-,-,-,-,-,-,-,-,-,-,-,-,-,-,-,-,-,-,-,-,-,-,-,-,-,-,-,-,-,-,-,-,-,-,-,-,-,-,-,-,-,-,-,-,-,-,-,-,-,-,-,-,-,-,-,-,-,-,-,-,-,-,-,-,-,-,-,-,-,-,-,-,-,0,0,0,0,0,0,0,0,3.98,3.94,8.49,6.64,4.11,3.88,3.34,3.38,4.55,5.15,5.59,5.78,5.4,4.2,4.81,5.42,5.85,7.47,5.34,3.93,4.73,4.55,3.88,3.37,3.29,2.95,2.98,4.24,3.51,3.41,3.72
PS Ratio,-,-,-,-,-,-,-,-,-,-,-,-,-,-,-,-,-,-,-,-,-,-,-,-,-,-,-,-,-,-,-,-,-,-,-,-,-,-,-,-,-,-,-,-,-,-,-,-,-,-,-,-,-,-,-,-,-,-,-,-,-,-,-,-,-,-,-,-,-,-,-,-,-,-,-,-,-,-,-,-,-,0,0,0,0,0,0,0,0,0.28,0.24,0.33,0.22,0.23,0.28,0.22,0.25,0.32,0.3,0.35,0.38,0.43,0.37,0.39,0.34,0.38,0.41,0.37,0.33,0.41,0.37,0.33,0.37,0.36,0.36,0.35,0.41,0.42,0.37,0.39
PEG Ratio,,,,,,,,,,,,,,,,,,,,,,,,,,,,,,,,,,,,,,,,,,,,,,,,,,,,,,,,,,,,,,,,,,,,,,,,,,,,,,,,,,,0,0,0,0,0,0,0,0,0,0,0,0,0,0,0,0,0,0,0,0,0,0,0,0,0,0,0,0,0,0,0,0,0,0,0,0,0,0
EV-to-Revenue,-,-,-,-,-,-,-,-,-,-,-,-,-,-,-,-,-,-,-,-,-,-,-,-,-,-,-,-,-,-,-,-,-,-,-,-,-,-,-,-,-,-,-,-,-,-,-,-,-,-,-,-,-,-,-,-,-,-,-,-,-,-,-,-,-,-,-,-,-,-,-,-,-,-,-,-,-,-,-,-,-,0,0,0,0,0,0,0,0,0.37,0.3,0.26,0.15,0.16,0.22,0.16,0.2,0.26,0.27,0.38,0.4,0.46,0.44,0.46,0.44,0.48,0.55,0.54,0.54,0.67,0.71,0.72,0.75,0.67,0.79,0.76,0.87,0.89,0.9,0.93
EV-to-EBITDA,-,-,-,-,-,-,-,-,-,-,-,-,-,-,-,-,-,-,-,-,-,-,-,-,-,-,-,-,-,-,-,-,-,-,-,-,-,-,-,-,-,-,-,-,-,-,-,-,-,-,-,-,-,-,-,-,-,-,-,-,-,-,-,-,-,-,-,-,-,-,-,-,-,-,-,-,-,-,-,-,-,0,0,0,0,0,0,0,0,7.43,6.31,4.94,3,2.43,3.57,2.71,3.47,-1.39,-1.49,-2.12,-2.33,9.26,10.92,17.12,19.17,16.11,10.85,7.04,6.21,5.6,5.44,4.9,4.55,4.63,5.1,4.83,5.51,5.23,5.48,5.71
EV-to-EBIT,-,-,-,-,-,-,-,-,-,-,-,-,-,-,-,-,-,-,-,-,-,-,-,-,-,-,-,-,-,-,-,-,-,-,-,-,-,-,-,-,-,-,-,-,-,-,-,-,-,-,-,-,-,-,-,-,-,-,-,-,-,-,-,-,-,-,-,-,-,-,-,-,-,-,-,-,-,-,-,-,-,0,0,0,0,0,0,0,0,7.43,6.31,4.94,3,2.43,3.57,2.71,3.47,-1.39,-1.49,-2.12,-2.33,9.26,10.92,17.12,19.17,16.11,14.01,10.61,11.17,10.37,9.86,8.29,7.38,8.27,8.98,9.04,11.09,10.38,12.28,12.8
Earnings Yield (Joel Greenblatt) %,-,-,-,-,-,-,-,-,-,-,-,-,-,-,-,-,-,-,-,-,-,-,-,-,-,-,-,-,-,-,-,-,-,-,-,-,-,-,-,-,-,-,-,-,-,-,-,-,-,-,-,-,-,-,-,-,-,-,-,-,-,-,-,-,-,-,-,-,-,-,-,-,-,-,-,-,-,-,-,-,-,0,0,0,0,0,0,0,0,13.46,15.85,20.24,33.33,41.15,28.01,36.9,28.82,-71.94,-67.11,-47.17,-42.92,10.8,9.16,5.84,5.22,6.21,7.14,9.43,8.95,9.64,10.14,12.06,13.55,12.09,11.14,11.06,9.02,9.63,8.14,7.81
Forward Rate of Return (Yacktman) %,-,-,-,-,-,-,-,-,-,-,-,-,-,-,-,-,-,-,-,-,-,-,-,-,-,-,-,-,-,-,-,-,-,-,-,-,-,-,-,-,-,-,-,-,-,-,-,-,-,-,-,-,-,-,-,-,-,-,-,-,-,-,-,-,-,-,-,-,-,-,-,-,-,-,-,-,-,-,-,-,-,0,0,0,0,0,0,0,0,0,0,0,0,0,0,0,0,0,0,0,0,0,0,0,-41.81,-35.81,-27.8,-16.01,-4.42,-2.88,0,0,0,0,0,0,0,0,0,0
Shiller PE Ratio,-,-,-,-,-,-,-,-,-,-,-,-,-,-,-,-,-,-,-,-,-,-,-,-,-,-,-,-,-,-,-,-,-,-,-,-,-,-,-,-,-,-,-,-,-,-,-,-,-,-,-,-,-,-,-,-,-,-,-,-,-,-,-,-,-,-,-,-,-,-,-,-,-,-,-,-,-,-,-,-,-,0,0,0,0,0,0,0,0,0,0,0,0,0,0,0,0,0,0,0,0,0,0,0,0,824.45,16.14,14.11,0,0,0,0,0,0,0,0,0,0,0,0
Dividend Yield %,-,-,-,-,-,-,-,-,-,-,-,-,-,-,-,-,-,-,-,-,-,-,-,-,-,-,-,-,-,-,-,-,-,-,-,-,-,-,-,-,-,-,-,-,-,-,-,-,-,-,-,-,-,-,-,-,-,-,-,-,-,-,-,-,-,-,-,-,-,-,-,-,-,-,-,-,-,-,-,-,-,0,0,0,0,0,0,0,0,0,0,0,0,0,0,0,0,0,0,0,0,0,0.87,1.65,2.82,3.44,3.2,3.78,4.4,4.06,4.65,5.23,4.72,4.36,4.3,4.35,3.76,3.71,4.18,3.86
Market Cap,-,-,-,-,-,-,-,-,-,-,-,-,-,-,-,-,-,-,-,-,-,-,-,-,-,-,-,-,-,-,-,-,-,-,-,-,-,-,-,-,-,-,-,-,-,-,-,-,-,-,-,-,-,-,-,-,-,-,-,-,-,-,-,-,-,-,-,-,-,-,-,-,-,-,-,-,-,-,-,-,-,0,0,0,0,0,0,0,0,"55,295.16","48,430.38","47,405.62","31,568.99","31,717.08","40,163.80","30,880.34","35,626.05","39,392.45","38,948.00","46,634.00","50,358.00","61,305.00","55,072.00","58,080.00","51,104.00","55,856.00","60,000.00","52,794.72","48,032.00","51,015.00","47,145.00","45,280.00","47,655.00","52,260.00","53,040.00","52,395.00","56,532.00","57,493.80","50,876.00","55,589.07"
Enterprise Value,-,-,-,-,-,-,-,-,-,-,-,-,-,-,-,-,-,-,-,-,-,-,-,-,-,-,-,-,-,-,-,-,-,-,-,-,-,-,-,-,-,-,-,-,-,-,-,-,-,-,-,-,-,-,-,-,-,-,-,-,-,-,-,-,-,-,-,-,-,-,-,-,-,-,-,-,-,-,-,-,-,0,0,0,0,0,0,0,0,"50,807.16","42,600.38","37,962.62","22,519.99","23,615.08","33,598.80","23,409.34","29,909.05","39,179.45","41,308.00","58,448.00","62,458.00","72,171.00","68,424.00","72,057.00","68,249.00","74,912.00","84,567.00","82,008.72","82,470.00","91,177.00","97,256.00","97,803.00","102,946.00","103,207.00","121,059.00","115,957.00","129,193.00","129,086.80","129,488.00","134,292.07"
Net Cash per Share,-,-,-,-,-,-,-,-,-,-,-,-,-,-,-,-,-,-,-,-,-,-,-,-,-,-,-,-,-,-,-,-,-,-,-,-,-,-,-,-,-,-,-,-,-,-,-,-,-,-,-,-,-,-,-,-,-,-,-,-,-,-,-,-,-,-,-,-,-,-,-,-,-,-,-,-,-,-,-,-,-,-280.49,0,0,0,-58.08,-56.88,-51.57,-54.01,-50.73,-50.01,-49.01,-45.88,-47.46,-50.37,-49.63,-51.13,-62.77,-63.56,-70.56,-73.71,-63.16,-64.53,-67.07,-66.42,-71.17,-74.63,-79.44,-81.81,-87.38,-94.17,-89.78,-99.17,-102.29,-107.8,-112.7,-118.58,-109.55,-116.47,-113.72
Net Current Asset Value,-,-,-,-,-,-,-,-,-,-,-,-,-,-,-,-,-,-,-,-,-,-,-,-,-,-,-,-,-,-,-,-,-,-,-,-,-,-,-,-,-,-,-,-,-,-,-,-,-,-,-,-,-,-,-,-,-,-,-,-,-,-,-,-,-,-,-,-,-,-,-,-,-,-,-,-,-,-,-,-,-,-228.55,0,0,0,-35.14,-33.64,-34.05,-35.27,-40.03,-35.3,-34.39,-32.05,-33.2,-33.28,-32.85,-33.26,-39.21,-38.58,-40.99,-41.83,-30.23,-29.79,-30.36,-31.48,-36.51,-37.72,-41.74,-45.01,-56.71,-61.1,-57.62,-64.24,-67.77,-70.15,-73.13,-79.03,-77.52,-80.71,-79.39
Net-Net Working Capital,-,-,-,-,-,-,-,-,-,-,-,-,-,-,-,-,-,-,-,-,-,-,-,-,-,-,-,-,-,-,-,-,-,-,-,-,-,-,-,-,-,-,-,-,-,-,-,-,-,-,-,-,-,-,-,-,-,-,-,-,-,-,-,-,-,-,-,-,-,-,-,-,-,-,-,-,-,-,-,-,-,-258.29,0,0,0,-51.35,-49.25,-43.26,-45.16,-49.27,-45.78,-45.31,-42.46,-43.19,-44.19,-42.59,-44.59,-57.07,-56.53,-60.93,-62.08,-49.15,-49.28,-51.47,-51.17,-54.9,-57.25,-61.92,-64.34,-69.6,-74.79,-70.9,-78.41,-86.2,-85.5,-94.39,-98.61,-90.41,-95.28,-93.05
Intrinsic Value: Projected FCF,-,-,-,-,-,-,-,-,-,-,-,-,-,-,-,-,-,-,-,-,-,-,-,-,-,-,-,-,-,-,-,-,-,-,-,-,-,-,-,-,-,-,-,-,-,-,-,-,-,-,-,-,-,-,-,-,-,-,-,-,-,-,-,-,-,-,-,-,-,-,-,-,-,-,-,-,-,-,-,-,-,0,0,0,0,0,0,0,0,0,0,0,0,0,0,0,0,0,0,0,0,0,0,0,5.3,1.32,8.69,14.94,13.57,16.02,8.16,6.02,4.91,4.37,3.05,-3.32,-10.07,-12.7,-20.48,-22.93
Median PS Value,-,-,-,-,-,-,-,-,-,-,-,-,-,-,-,-,-,-,-,-,-,-,-,-,-,-,-,-,-,-,-,-,-,-,-,-,-,-,-,-,-,-,-,-,-,-,-,-,-,-,-,-,-,-,-,-,-,-,-,-,-,-,-,-,-,-,-,-,-,-,-,-,-,-,-,-,-,-,-,-,-,0,0,0,42.58,49.91,43.82,53.12,45.52,47.04,47.08,32.77,32.45,31.8,32.66,32.2,32.47,32.72,33.5,33.78,34,34.18,33.33,33.4,33.41,33.28,32.94,32.76,33.05,29.74,30.6,30.83,31.09,35.19,35.45,35.71,35.04,35.13,35.46,35.94
Peter Lynch Fair Value,-,-,-,-,-,-,-,-,-,-,-,-,-,-,-,-,-,-,-,-,-,-,-,-,-,-,-,-,-,-,-,-,-,-,-,-,-,-,-,-,-,-,-,-,-,-,-,-,-,-,-,-,-,-,-,-,-,-,-,-,-,-,-,-,-,-,-,-,-,-,-,-,-,-,-,-,-,-,-,-,-,0,0,0,0,0,0,0,0,0,0,0,0,0,0,0,0,0,0,0,0,0,0,0,0,0,0,0,0,0,0,0,0,0,0,0,0,0,0,0
Graham Number,-,-,-,-,-,-,-,-,-,-,-,-,-,-,-,-,-,-,-,-,-,-,-,-,-,-,-,-,-,-,-,-,-,-,-,-,-,-,-,-,-,-,-,-,-,-,-,-,-,-,-,-,-,-,-,-,-,-,-,-,-,-,-,-,-,-,-,-,-,-,-,-,-,-,-,-,-,-,-,-,-,0,0,0,0,0,0,0,0,0,0,0,0,0,0,0,0,28.7,29.2,29.33,27.65,33.66,28.67,23.08,26.83,25.88,30.06,33.33,33.11,54.75,58.77,63.22,70.19,58.29,62.37,61.51,52.43,8.09,0,0
Earnings Power Value (EPV),-,-,-,-,-,-,-,-,-,-,-,-,-,-,-,-,-,-,-,-,-,-,-,-,-,-,-,-,-,-,-,-,-,-,-,-,-,-,-,-,-,-,-,-,-,-,-,-,-,-,-,-,-,-,-,-,-,-,-,-,-,-,-,-,-,-,-,-,-,-,-,-,-,-,-,-,-,-,-,-,-,0,0,0,0,0,0,0,0,0,0,0,0,0,0,0,0,0,0,0,-45.88,-47.77,-41.05,-9.27,-6.55,-2.38,-11.01,-22.31,-34.76,-39.03,-45.26,-55.33,-62.54,-67.45,-84.41,-90.06,-107.72,-97.14,-112,-118.74
Altman Z-Score,-,-,-,-,-,-,-,-,-,-,-,-,-,-,-,-,-,-,-,-,-,-,-,-,-,-,-,-,-,-,-,-,-,-,-,-,-,-,-,-,-,-,-,-,-,-,-,-,-,-,-,-,-,-,-,-,-,-,-,-,-,-,-,-,-,-,-,-,-,-,-,-,-,-,-,-,-,-,-,-,-,0,0,0,0,3.41,3.66,4.17,1.07,1.52,1.5,1.55,1.52,1.61,1.62,1.54,1.56,0.83,0.82,0.84,0.86,1.64,1.5,1.44,1.42,1.44,1.44,1.38,1.29,1.18,1.13,1.15,1.13,1.17,1.14,1.09,1.11,1.14,1.03,1.07
Piotroski F-Score,-,-,-,-,-,-,-,-,-,-,-,-,-,-,-,-,-,-,-,-,-,-,-,-,-,-,-,-,-,-,-,-,-,-,-,-,-,-,-,-,-,-,-,-,-,-,-,-,-,-,-,-,-,-,-,-,-,-,-,-,-,-,-,-,-,-,-,-,-,-,-,-,-,-,-,-,-,-,-,-,-,0,0,0,0,0,0,0,0,6,0,0,0,7,8,6,7,4,5,5,4,5,5,4,4,4,5,6,6,6,6,5,6,6,5,6,5,4,4,3
Beneish M-Score,-,-,-,-,-,-,-,-,-,-,-,-,-,-,-,-,-,-,-,-,-,-,-,-,-,-,-,-,-,-,-,-,-,-,-,-,-,-,-,-,-,-,-,-,-,-,-,-,-,-,-,-,-,-,-,-,-,-,-,-,-,-,-,-,-,-,-,-,-,-,-,-,-,-,-,-,-,-,-,-,-,0,0,0,0,0,0,0,0,0,0,0,0,-2.42,-2.47,-2.7,-2.48,-2.34,-2.2,-1.46,-1.83,-2.97,-2.34,-2.6,-2.48,-2.48,-2.75,-2.88,-2.99,-2.81,-2.74,-2.57,-2.49,-2.78,-2.57,-2.74,-2.84,-2.97,-3.14,-2.93
Scaled Net Operating Assets,-,-,-,-,-,-,-,-,-,-,-,-,-,-,-,-,-,-,-,-,-,-,-,-,-,-,-,-,-,-,-,-,-,-,-,-,-,-,-,-,-,-,-,-,-,-,-,-,-,-,-,-,-,-,-,-,-,-,-,-,-,-,-,-,-,-,-,-,-,-,-,-,-,-,-,-,-,-,-,-,-,-0.586,0,0,0,0,0.101,0.004,-0.009,0.155,0.158,0.146,0.168,0.132,0.154,0.152,0.168,0.165,0.198,0.259,0.251,0.299,0.315,0.304,0.318,0.308,0.343,0.358,0.372,0.423,0.468,0.472,0.475,0.436,0.514,0.473,0.478,0.464,0.531,0.525
Sloan Ratio %,-,-,-,-,-,-,-,-,-,-,-,-,-,-,-,-,-,-,-,-,-,-,-,-,-,-,-,-,-,-,-,-,-,-,-,-,-,-,-,-,-,-,-,-,-,-,-,-,-,-,-,-,-,-,-,-,-,-,-,-,-,-,-,-,-,-,-,-,-,-,-,-,-,-,-,-,-,-,-,-,-,0,0,0,0,103.48,98.57,99.93,-8.56,-1.33,2.12,9.65,9.5,9.52,6.77,2.93,3.2,-0.61,-0.1,2.59,2.94,4.26,4.2,3.73,4.66,5.21,7.9,7.63,8.93,13.19,13.89,14.04,14.02,12.84,11.76,11.63,10.05,3,1.91,1.68
Current Ratio,-,-,-,-,-,-,-,-,-,-,-,-,-,-,-,-,-,-,-,-,-,-,-,-,-,-,-,-,-,-,-,-,-,-,-,-,-,-,-,-,-,-,-,-,-,-,-,-,-,-,-,-,-,-,-,-,-,-,-,-,-,-,-,-,-,-,-,-,-,-,-,-,-,-,-,-,-,-,-,-,-,0.59,0,0,0,1.13,1.16,1.15,1.17,1.13,1.22,1.23,1.24,1.22,1.22,1.24,1.25,1.3,1.28,1.3,1.3,1.31,1.25,1.27,1.29,1.27,1.24,1.22,1.13,0.97,0.95,0.98,0.93,0.89,0.88,0.9,0.94,0.89,0.86,0.88
Quick Ratio,-,-,-,-,-,-,-,-,-,-,-,-,-,-,-,-,-,-,-,-,-,-,-,-,-,-,-,-,-,-,-,-,-,-,-,-,-,-,-,-,-,-,-,-,-,-,-,-,-,-,-,-,-,-,-,-,-,-,-,-,-,-,-,-,-,-,-,-,-,-,-,-,-,-,-,-,-,-,-,-,-,0.41,0,0,0,0.94,0.94,0.92,0.92,0.87,0.95,0.96,0.94,0.95,0.94,0.97,0.98,1.02,1.01,1.05,1.05,1.08,1.04,1.06,1.06,1.07,1.03,1.01,0.93,0.78,0.74,0.78,0.74,0.76,0.71,0.78,0.79,0.76,0.73,0.74
Interest Coverage,-,-,-,-,-,-,-,-,-,-,-,-,-,-,-,-,-,-,-,-,-,-,-,-,-,-,-,-,-,-,-,-,-,-,-,-,-,-,-,-,-,-,-,-,-,-,-,-,-,-,-,-,-,-,-,-,-,-,-,-,-,-,-,-,-,-,-,-,-,-,-,-,-,-,-,-,-,-,-,-,-,N/A,0,0,0,0,3.54,7.61,6.59,1.13,9.02,15.81,17.88,9.93,14.66,15.43,13.13,0,10.54,28.7,35.63,5.52,0,0,12.78,13.74,6.85,11.93,8.9,26.88,15.53,20.64,21.71,11.67,17.57,17.4,12.69,17.78,3.53,9.29
Highest Stock Price,-,-,-,-,-,-,-,-,-,-,-,-,-,-,-,-,-,-,-,-,-,-,-,-,-,-,-,-,-,-,-,-,-,-,-,-,-,-,-,-,-,-,-,-,-,-,-,-,-,-,-,-,-,-,-,-,-,-,-,-,-,-,-,-,-,-,-,-,-,-,-,-,-,-,-,-,-,-,-,-,-,0,0,0,0,0,0,0,0,36.86,38.98,33.04,31.8,26.45,27.34,26.76,24.8,28.83,30.6,35.03,37.58,41.53,40.95,37.09,37.97,35.09,38.87,37.16,33.23,36.46,34.01,32.66,32.39,37.66,38.28,34.93,40.58,46.48,44.22,44.85
Lowest Stock Price,-,-,-,-,-,-,-,-,-,-,-,-,-,-,-,-,-,-,-,-,-,-,-,-,-,-,-,-,-,-,-,-,-,-,-,-,-,-,-,-,-,-,-,-,-,-,-,-,-,-,-,-,-,-,-,-,-,-,-,-,-,-,-,-,-,-,-,-,-,-,-,-,-,-,-,-,-,-,-,-,-,0,0,0,0,0,0,0,0,0,30.74,28.56,20.18,19.05,20.27,19.66,18.8,23.09,26.33,27.52,33.69,34.16,34.09,31.93,31.94,29.69,32.62,33.23,27.28,30.67,26.9,27.51,28.17,30.96,34.26,32.42,34.76,40.81,34.87,35.76
Shares Buyback Ratio %,-,-,-,-,-,-,-,-,-,-,-,-,-,-,-,-,-,-,-,-,-,-,-,-,-,-,-,-,-,-,-,-,-,-,-,-,-,-,-,-,-,-,-,-,-,-,-,-,-,-,-,-,-,-,-,-,-,-,-,-,-,-,-,-,-,-,-,-,-,-,-,-,-,-,-,-,-,-,-,-,-,0,-5.53,0,0,-159.9,0,5.54,0,-0.01,-4.04,-0.04,-0.19,-0.02,-0.07,-0.01,0,12.75,-2.46,0,0,-7.14,-6.67,0,0,0,0,1,-1.01,6.25,0,-6.67,6.25,0,0,0,6.67,-0.19,0.19,-0.78
YoY Rev. per Sh. Growth,-,-,-,-,-,-,-,-,-,-,-,-,-,-,-,-,-,-,-,-,-,-,-,-,-,-,-,-,-,-,-,-,-,-,-,-,-,-,-,-,-,-,-,-,-,-,-,-,-,-,-,-,-,-,-,-,-,-,-,-,-,-,-,-,-,-,-,-,-,-,-,-,-,-,-,-,-,-,-,-,-,0,0,0,0,0,-46.01,68.48,-48.2,20.77,0.5,-62.54,-3.86,-7.36,12.03,-5.44,3.5,3.03,9.67,3.51,2.63,2.2,-9.61,0.81,0.1,-1.56,-4.25,-2.08,3.42,-38.95,11.35,2.8,2.92,79.03,3.14,2.97,-7.55,1,3.78,5.5
YoY EPS Growth,-,-,-,-,-,-,-,-,-,-,-,-,-,-,-,-,-,-,-,-,-,-,-,-,-,-,-,-,-,-,-,-,-,-,-,-,-,-,-,-,-,-,-,-,-,-,-,-,-,-,-,-,-,-,-,-,-,-,-,-,-,-,-,-,-,-,-,-,-,-,-,-,-,-,-,-,-,-,-,-,-,0,0,0,0,311.86,100,0,0,-99.7,0,81.18,0,-20.59,-66.1,-41.56,-13.59,100,-3.33,-16.67,-49.44,3.7,-89.66,-85.33,80,17.86,833.33,509.09,3.7,481.82,121.43,170.15,109.52,-69.01,37.1,-39.78,-217.05,-395.8,-57.65,52.29
YoY EBITDA Growth,-,-,-,-,-,-,-,-,-,-,-,-,-,-,-,-,-,-,-,-,-,-,-,-,-,-,-,-,-,-,-,-,-,-,-,-,-,-,-,-,-,-,-,-,-,-,-,-,-,-,-,-,-,-,-,-,-,-,-,-,-,-,-,-,-,-,-,-,-,-,-,-,-,-,-,-,-,-,-,-,-,0,0,0,0,0,113.05,120.58,-99.33,133.37,-17.15,-52.12,-18.76,146.64,-13.33,-29.42,1.05,"-1,050.53",50.88,11.34,34.55,103.88,-91.59,-93.95,-25.23,84.48,"1,985.11","2,946.84",91.39,136.68,58.52,59.37,79.63,-3.38,33.67,8,-2.6,33.82,-10.64,4.13
5-Year EBITDA Growth Rate,-,-,-,-,-,-,-,-,-,-,-,-,-,-,-,-,-,-,-,-,-,-,-,-,-,-,-,-,-,-,-,-,-,-,-,-,-,-,-,-,-,-,-,-,-,-,-,-,-,-,-,-,-,-,-,-,-,-,-,-,-,-,-,-,-,-,-,-,-,-,-,-,-,-,-,-,-,-,-,-,-,0,0,0,0,0,0,0,0,0,0,0,0,0,0,0,0,0,0,0,0,0,0,0,-47,-42.3,-35.02,-24.9,-11.39,-7.56,0,0,0,0,0,0,0,0,0,0
Shares Outstanding (Basic Average),-,-,-,-,-,-,-,-,-,-,-,-,-,-,-,-,-,-,-,-,-,-,-,-,-,-,-,-,-,-,-,-,-,-,-,-,-,-,-,-,-,-,-,-,-,-,-,-,-,-,-,-,-,-,-,-,-,-,-,-,-,-,-,-,-,-,-,-,-,-,-,-,-,-,-,-,-,-,-,-,-,579,611,611,611,"1,500.00","1,500.00",500,"1,500.00","1,500.14","1,504.00","1,505.00","1,562.00","1,572.00","1,572.00","1,569.00","1,570.00","1,554.00","1,372.00","1,376.00","1,386.00","1,438.00","1,587.00","1,608.00","1,612.00","1,611.00","1,617.00","1,596.00","1,577.00","1,553.00","1,546.00","1,548.00","1,550.00","1,516.00","1,505.00","1,497.00","1,445.00","1,411.00","1,408.00","1,410.00"
Shares Outstanding (EOP),-,-,-,-,-,-,-,-,-,-,-,-,-,-,-,-,-,-,-,-,-,-,-,-,-,-,-,-,-,-,-,-,-,-,-,-,-,-,-,-,-,-,-,-,-,-,-,-,-,-,-,-,-,-,-,-,-,-,-,-,-,-,-,-,-,-,-,-,-,-,-,-,-,-,-,-,-,-,-,-,-,579,611,611,611,"1,588.00","1,588.00","1,500.00","1,500.00","1,500.14","1,560.76","1,561.45","1,564.37","1,564.73","1,565.84","1,565.94","1,565.98","1,366.37","1,400.00","1,400.00","1,400.00","1,500.00","1,600.00","1,600.00","1,600.00","1,600.00","1,600.00","1,584.00","1,600.00","1,500.00","1,500.00","1,600.00","1,500.00","1,500.00","1,500.00","1,500.00","1,400.00","1,402.63","1,400.00","1,410.89"
Beta,-,-,-,-,-,-,-,-,-,-,-,-,-,-,-,-,-,-,-,-,-,-,-,-,-,-,-,-,-,-,-,-,-,-,-,-,-,-,-,-,-,-,-,-,-,-,-,-,-,-,-,-,-,-,-,-,-,-,-,-,-,-,-,-,-,-,-,-,-,-,-,-,-,-,-,-,-,-,-,-,-,0,0,0,0,0,0,0,0,0,0,0,0,0,0,0,0,1.79,1.68,1.7,1.7,1.71,1.77,1.78,1.68,1.06,1.06,1.35,1.15,1.46,1.64,1.61,1.65,1.68,1.65,1.64,1.64,1.66,1.53,1.57
Filing Date,-,-,-,-,-,-,-,-,-,-,-,-,-,-,-,-,-,-,-,-,-,-,-,-,-,-,-,-,-,-,-,-,-,-,-,-,-,-,-,-,-,-,-,-,-,-,-,-,-,-,-,-,-,-,-,-,-,-,-,-,-,-,-,-,-,-,-,-,-,-,-,-,-,-,-,-,-,-,-,-,-,11/18/10,5/17/10,,,11/18/10,5/17/10,8/18/10,11/18/10,3/1/11,5/6/11,8/5/11,11/9/11,2/27/12,5/3/12,8/3/12,10/31/12,2/15/13,5/2/13,7/25/13,10/30/13,2/6/14,4/24/14,7/24/14,10/23/14,2/4/15,4/23/15,7/23/15,10/21/15,2/3/16,4/21/16,7/21/16,10/25/16,2/7/17,4/28/17,7/25/17,10/24/17,2/6/18,4/26/18,7/25/18
Restated Filing Date,-,-,-,-,-,-,-,-,-,-,-,-,-,-,-,-,-,-,-,-,-,-,-,-,-,-,-,-,-,-,-,-,-,-,-,-,-,-,-,-,-,-,-,-,-,-,-,-,-,-,-,-,-,-,-,-,-,-,-,-,-,-,-,-,-,-,-,-,-,-,-,-,-,-,-,-,-,-,-,-,-,11/18/10,5/17/10,,,3/1/11,5/6/11,8/5/11,11/9/11,2/15/13,5/3/12,8/3/12,10/31/12,2/6/14,5/9/13,7/25/13,10/30/13,2/4/15,4/24/14,7/24/14,10/23/14,2/3/16,4/23/15,7/23/15,10/21/15,2/7/17,4/21/16,7/21/16,10/25/16,2/6/18,4/28/17,7/25/17,10/24/17,2/6/18,4/26/18,7/25/18,10/24/17,2/6/18,4/26/18,7/25/18
Number of Shareholders,-,-,-,-,-,-,-,-,-,-,-,-,-,-,-,-,-,-,-,-,-,-,-,-,-,-,-,-,-,-,-,-,-,-,-,-,-,-,-,-,-,-,-,-,-,-,-,-,-,-,-,-,-,-,-,-,-,-,-,-,-,-,-,-,-,-,-,-,-,-,-,-,-,-,-,-,-,-,-,-,-,0,0,0,0,0,0,0,0,185,0,0,0,276,0,0,0,319,0,0,0,403,0,0,0,420,0,0,0,447,0,0,0,591,0,0,0,0,0,0
Number of Employees,-,-,-,-,-,-,-,-,-,-,-,-,-,-,-,-,-,-,-,-,-,-,-,-,-,-,-,-,-,-,-,-,-,-,-,-,-,-,-,-,-,-,-,-,-,-,-,-,-,-,-,-,-,-,-,-,-,-,-,-,-,-,-,-,-,-,-,-,-,-,-,-,-,-,-,-,-,-,-,-,-,0,0,0,0,0,0,0,"209,000.00","202,000.00",0,0,0,"207,000.00",0,0,0,"213,000.00","217,000.00",0,0,"219,000.00",0,0,0,"216,000.00",0,0,0,"215,000.00",0,0,0,"225,000.00",0,0,0,"180,000.00",0,0
Insider Shares Owned,,,,,,,,,,,,,,,,,,,,,,,,,,,,,,,,,,,,,,,,,,,,,,,,,,,,,,,,,,,,,,,,,,,,,,,,,,,,,,,,,,,0,0,0,0,0,0,0,0,0,0,0,0,0,0,0,0,0,0,0,0,0,0,0,0,0,0,0,0,0,0,0,0,0,0,0,0,0,0
Institution Shares Held,,,,,,,,,,,,,,,,,,,,,,,,,,,,,,,,,,,,,,,,,,,,,,,,,,,,,,,,,,,,,,,,,,,,,,,,,,,,,,,,,,,0,0,0,0,0,0,0,0,0,0,0,0,0,0,0,0,0,0,0,0,0,0,0,0,0,0,0,0,0,0,0,0,0,0,0,0,0,0
Insider Ownership %,,,,,,,,,,,,,,,,,,,,,,,,,,,,,,,,,,,,,,,,,,,,,,,,,,,,,,,,,,,,,,,,,,,,,,,,,,,,,,,,,,,0,0,0,0,0,0,0,0,0,0,0,0,0,0,0,0,0,0,0,0,0,0,0,0,0,0,0,0,0,0,0,0,0,0,0,0,0,0
Institutional Ownership %,,,,,,,,,,,,,,,,,,,,,,,,,,,,,,,,,,,,,,,,,,,,,,,,,,,,,,,,,,,,,,,,,,,,,,,,,,,,,,,,,,,0,0,0,0,0,0,0,0,0,0,0,0,0,0,0,0,0,0,0,0,0,0,0,0,0,0,0,0,0,0,0,0,0,0,0,0,0,0
Price-to-Net-Current-Asset-Value,,,,,,,,,,,,,,,,,,,,,,,,,,,,,,,,,,,,,,,,,,,,,,,,,,,,,,,,,,,,,,,,,,,,,,,,,,,,,,,,,,,0,0,0,0,0,0,0,0,0,0,0,0,0,0,0,0,0,0,0,0,0,0,0,0,0,0,0,0,0,0,0,0,0,0,0,0,0,0
Price-to-Net-Net-Working-Capital,,,,,,,,,,,,,,,,,,,,,,,,,,,,,,,,,,,,,,,,,,,,,,,,,,,,,,,,,,,,,,,,,,,,,,,,,,,,,,,,,,,0,0,0,0,0,0,0,0,0,0,0,0,0,0,0,0,0,0,0,0,0,0,0,0,0,0,0,0,0,0,0,0,0,0,0,0,0,0
Price-to-Graham-Number,-,-,-,-,-,-,-,-,-,-,-,-,-,-,-,-,-,-,-,-,-,-,-,-,-,-,-,-,-,-,-,-,-,-,-,-,-,-,-,-,-,-,-,-,-,-,-,-,-,-,-,-,-,-,-,-,-,-,-,-,-,-,-,-,-,-,-,-,-,-,-,-,-,-,-,-,-,-,-,-,-,0,0,0,0,0,0,0,0,0,0,0,0,0,0,0,0,1,0.95,1.14,1.3,1.21,1.2,1.57,1.19,1.35,1.25,1,0.91,0.62,0.53,0.45,0.45,0.6,0.57,0.57,0.77,5.07,0,0
Price-to-Intrinsic-Value-DCF (Earnings Based),,,,,,,,,,,,,,,,,,,,,,,,,,,,,,,,,,,,,,,,,,,,,,,,,,,,,,,,,,,,,,,,,,,,,,,,,,,,,,,,,,,0,0,0,0,0,0,0,0,0,0,0,0,0,0,0,0,0,0,0,0,0,0,0,0,0,0,0,0,0,0,0,0,0,0,0,0,0,0
Price-to-Intrinsic-Value-DCF (FCF Based),,,,,,,,,,,,,,,,,,,,,,,,,,,,,,,,,,,,,,,,,,,,,,,,,,,,,,,,,,,,,,,,,,,,,,,,,,,,,,,,,,,0,0,0,0,0,0,0,0,0,0,0,0,0,0,0,0,0,0,0,0,0,0,0,0,0,0,0,0,0,0,0,0,0,0,0,0,0,0
Price-to-Earnings-Power-Value,,,,,,,,,,,,,,,,,,,,,,,,,,,,,,,,,,,,,,,,,,,,,,,,,,,,,,,,,,,,,,,,,,,,,,,,,,,,,,,,,,,0,0,0,0,0,0,0,0,0,0,0,0,0,0,0,0,0,0,0,0,0,0,0,0,0,0,0,0,0,0,0,0,0,0,0,0,0,0
Price-to-Intrinsic-Value-Projected-FCF,-,-,-,-,-,-,-,-,-,-,-,-,-,-,-,-,-,-,-,-,-,-,-,-,-,-,-,-,-,-,-,-,-,-,-,-,-,-,-,-,-,-,-,-,-,-,-,-,-,-,-,-,-,-,-,-,-,-,-,-,-,-,-,-,-,-,-,-,-,-,-,-,-,-,-,-,-,-,-,-,-,0,0,0,0,0,0,0,0,0,0,0,0,0,0,0,0,0,0,0,0,0,0,0,6.03,26.45,4.32,2.23,2.21,2.12,3.85,4.7,6.47,7.97,11.59,0,0,0,0,0
Price-to-Peter-Lynch-Fair-Value,,,,,,,,,,,,,,,,,,,,,,,,,,,,,,,,,,,,,,,,,,,,,,,,,,,,,,,,,,,,,,,,,,,,,,,,,,,,,,,,,,,0,0,0,0,0,0,0,0,0,0,0,0,0,0,0,0,0,0,0,0,0,0,0,0,0,0,0,0,0,0,0,0,0,0,0,0,0,0
Price-to-Median-PB-Value,-,-,-,-,-,-,-,-,-,-,-,-,-,-,-,-,-,-,-,-,-,-,-,-,-,-,-,-,-,-,-,-,-,-,-,-,-,-,-,-,-,-,-,-,-,-,-,-,-,-,-,-,-,-,-,-,-,-,-,-,-,-,-,-,-,-,-,-,-,-,-,-,-,-,-,-,-,-,-,-,-,0,0,0,0,0,0,0,0,1.53,1.24,1.1,0.66,0.82,0.99,0.73,0.81,1.09,1.02,1.19,1.25,1.11,1.01,1.07,0.91,1.13,1.18,1.07,0.99,0.91,0.82,0.74,0.76,0.85,0.82,0.82,0.96,1.17,1.06,1.1
Price-to-Median-PS-Value,-,-,-,-,-,-,-,-,-,-,-,-,-,-,-,-,-,-,-,-,-,-,-,-,-,-,-,-,-,-,-,-,-,-,-,-,-,-,-,-,-,-,-,-,-,-,-,-,-,-,-,-,-,-,-,-,-,-,-,-,-,-,-,-,-,-,-,-,-,-,-,-,-,-,-,-,-,-,-,-,-,0,0,0,0,0,0,0,0,0.78,0.66,0.93,0.62,0.64,0.79,0.61,0.7,0.88,0.83,0.99,1.06,1.2,1.03,1.09,0.96,1.05,1.14,1.02,0.91,1.14,1.03,0.92,1.02,0.99,1,0.98,1.15,1.17,1.02,1.1
Price-to-Net-Cash,,,,,,,,,,,,,,,,,,,,,,,,,,,,,,,,,,,,,,,,,,,,,,,,,,,,,,,,,,,,,,,,,,,,,,,,,,,,,,,,,,,0,0,0,0,0,0,0,0,0,0,0,0,0,0,0,0,0,0,0,0,0,0,0,0,0,0,0,0,0,0,0,0,0,0,0,0,0,0